alloy_rep_id,log_max_stress,log_max_strain,bc_1,bc_2,bc_3,bc_4,toughness,young_mod,frac_stress,alloy,Mo,Nb,Ta,V,W,rep,Experiment,alloy_cnt
0.155247433960763_0.472074473566897_0.353462382084521_0.00757081036969871_0.0116449000181209_1,2.24278715507854,-2.75514180863606,5.75580245436675,2.68375199847066,-0.449187192923495,-0.0769121983000301,0.364164070329711,198.177694738511,9.19356867780726,MoNbTaVW,0.155247433960763,0.472074473566897,0.353462382084521,0.00757081036969871,0.0116449000181209,1,7,63
0.155247433960763_0.472074473566897_0.353462382084521_0.00757081036969871_0.0116449000181209_2,2.23934772011642,-2.77419000360676,5.68712127016542,2.67519959965756,-0.423805809858053,-0.0734998097006353,0.352976341558248,198.193667203061,9.17446493950273,MoNbTaVW,0.155247433960763,0.472074473566897,0.353462382084521,0.00757081036969871,0.0116449000181209,2,7,63
0.155247433960763_0.472074473566897_0.353462382084521_0.00757081036969871_0.0116449000181209_3,2.24406234986575,-2.73644967562391,5.81935733262251,2.69339996208156,-0.476370904155748,-0.0828664798291344,0.375188100780825,198.064794211408,9.19894676880183,MoNbTaVW,0.155247433960763,0.472074473566897,0.353462382084521,0.00757081036969871,0.0116449000181209,3,7,63
0.1_0.9_0_0_0_1,2.2188305937114,-2.69414729593322,5.34224772237283,2.68005795928247,-0.343765727019899,-0.0238613318450564,0.359306699167151,181.234145494612,9.14079185242938,MoNb,0.1,0.9,0,0,0,1,100,64
0.1_0.9_0_0_0_2,2.21181808956279,-2.71205822249974,5.27459584022762,2.65960126444844,-0.327958402473367,-0.0213993101395123,0.348416600347234,181.370185460107,9.07869962734695,MoNb,0.1,0.9,0,0,0,2,100,64
0.1_0.9_0_0_0_3,2.21588866658364,-2.70306265959118,5.30807176828055,2.66891279641604,-0.336400531992026,-0.0223216041187049,0.353818445298076,181.382967137842,9.10742631246354,MoNb,0.1,0.9,0,0,0,3,100,64
0.1_0_0.9_0_0_1,2.45642278682326,-2.41463459680266,6.47231083467263,3.38477898883721,-0.336556099347712,-0.0756714382383149,0.576343167941239,156.837862892148,11.3713425791872,MoTa,0.1,0,0.9,0,0,1,100,65
0.1_0_0.9_0_0_2,2.46094655015809,-2.40572585191355,6.5177493946362,3.4009414567697,-0.345067523115706,-0.0764392249461143,0.585609023192539,156.912421678658,11.4239904194212,MoTa,0.1,0,0.9,0,0,2,100,65
0.1_0_0.9_0_0_3,2.46060960577414,-2.40572585191356,6.51726658317601,3.40183059636518,-0.345291736704442,-0.0762270236388469,0.585565559983286,157.010402923135,11.425092688063,MoTa,0.1,0,0.9,0,0,3,100,65
0.1_0_0_0.9_0_1,2.3120390832228,-2.61183134336167,5.6795938673341,2.91078202192328,-0.295226123608607,0.0107882049127483,0.414870742983484,178.553780302773,10.0719748918067,MoV,0.1,0,0,0.9,0,1,100,66
0.1_0_0_0.9_0_2,2.30554949857758,-2.62831523308336,5.60667947249675,2.87915479224437,-0.288171930686572,0.00891495972506491,0.402813938417255,178.436563125704,9.9550101494439,MoV,0.1,0,0,0.9,0,2,100,66
0.1_0_0_0.9_0_3,2.31148245830386,-2.61455985801487,5.6659630147165,2.90426789638766,-0.294406669646132,0.0106589972109283,0.412741748373512,178.554594192247,10.0485463200495,MoV,0.1,0,0,0.9,0,3,100,66
0.1_0_0_0_0.9_1,2.75863779430659,-3.06615473785055,8.52665547476503,4.56763400357987,-0.304219693413927,-0.0353466091939387,0.394210425941451,385.751197819826,15.6185535989815,MoW,0.1,0,0,0,0.9,1,100,67
0.1_0_0_0_0.9_2,2.77050858795434,-3.04072963948473,8.71137033292915,4.6502119948241,-0.325175169623642,-0.0385227924727745,0.413216784245681,385.663352144793,15.8925789510185,MoW,0.1,0,0,0,0.9,2,100,67
0.1_0_0_0_0.9_3,2.76611400395993,-3.05336138639061,8.61633872703527,4.60799908382,-0.31627553090243,-0.0384752056467052,0.40353436305314,385.723104912537,15.7440050131838,MoW,0.1,0,0,0,0.9,3,100,67
0.24_0.64_0.08_0_0.04_1,2.21027911816773,-2.79688141480884,5.37051009027288,2.69066563787624,-0.372385207789077,-0.0541632475922649,0.325788377434211,198.97632403888,9.04625763283282,MoNbTaW,0.24,0.64,0.08,0,0.04,1,3,266
0.24_0.64_0.08_0_0.04_2,2.22051290140951,-2.74887219562248,5.54557695164043,2.73157040706716,-0.427615607245612,-0.0620502661763122,0.353083361507794,198.987655501561,9.15085909091545,MoNbTaW,0.24,0.64,0.08,0,0.04,2,3,266
0.24_0.64_0.08_0_0.04_3,2.21397174138404,-2.77740027923701,5.44042476637755,2.70702811023817,-0.393406212888101,-0.0556389231954882,0.336572242012469,199.092835523767,9.09464397330806,MoNbTaW,0.24,0.64,0.08,0,0.04,3,3,266
0.259711352455833_0.452956645498186_0.191609821074781_0.0593225998699225_0.036399581101278_1,2.3489747307456,-3.03239625792558,6.02433214034337,2.76403305073328,-0.24865070419456,-0.0377397174044194,0.288182257871903,234.719871516764,10.1349034256929,MoNbTaVW,0.259711352455833,0.452956645498186,0.191609821074781,0.0593225998699225,0.036399581101278,1,19,53
0.259711352455833_0.452956645498186_0.191609821074781_0.0593225998699225_0.036399581101278_2,2.33422395230607,-3.05336138639063,5.88785461647066,2.73889154755608,-0.223108118612506,-0.0342339714653722,0.275748201280577,233.755641241076,10.0192785111731,MoNbTaVW,0.259711352455833,0.452956645498186,0.191609821074781,0.0593225998699225,0.036399581101278,2,19,53
0.259711352455833_0.452956645498186_0.191609821074781_0.0593225998699225_0.036399581101278_3,2.33288918850912,-3.04492251774475,5.8908825193338,2.7620066605407,-0.232706534587316,-0.0438441705233658,0.278254744119739,234.057088440936,10.0171192462551,MoNbTaVW,0.259711352455833,0.452956645498186,0.191609821074781,0.0593225998699225,0.036399581101278,3,19,53
0.25_0.25_0.25_0.25_0_1,2.12896132818158,-2.66212126921381,4.84580409036196,2.4937836135864,-0.292438059789865,-0.0589730774830664,0.336563671423183,153.50554268961,8.34700807873673,Mo_Nb_Ta_V,0.25,0.25,0.25,0.25,0,1,0,54
0.25_0.25_0.25_0_0.25_1,2.32783419169291,-2.85771097565662,6.01481583390932,3.01144724974328,-0.392542653485411,-0.0765018879832542,0.343208307855752,229.645961493252,10.1409658140607,Mo_Nb_Ta_W,0.25,0.25,0.25,0,0.25,1,0,55
0.25_0.25_0_0.25_0.25_1,2.34571892068751,-2.86120138059639,5.86572436596158,3.0031257603524,-0.29007311756022,-0.0459957624307406,0.333447637818695,219.005468598911,10.2792210031395,Mo_Nb_V_W,0.25,0.25,0,0.25,0.25,1,0,56
0.25_0_0.25_0.25_0.25_1,2.31648950112049,-2.80346038590687,5.7172337744571,2.93905826122088,-0.291801567382824,-0.0577851727430046,0.344452212891049,201.870310551039,9.98774029040077,Mo_Ta_V_W,0.25,0,0.25,0.25,0.25,1,0,57
0.2_0.2_0.2_0.2_0.2_1,2.24086980507376,-2.777400279237,5.41399122460523,2.75485509132818,-0.309357371161633,-0.0661331706821179,0.334874546018181,187.713589153942,9.30813878076264,Mo_Nb_Ta_V_W,0.2,0.2,0.2,0.2,0.2,1,0,59
0.2_0.8_0_0_0_1,2.23065994346932,-2.76145097782934,5.4628630344219,2.72333562332148,-0.377115568428427,-0.0458797894817129,0.343407903097888,196.293153910378,9.2058557360646,MoNb,0.2,0.8,0,0,0,1,0,58
0.2_0.8_0_0_0_2,2.23724599099743,-2.74264164587183,5.53312946112541,2.74153201466487,-0.394541821449147,-0.0466357847827471,0.354469348906355,196.223359330043,9.26745006784832,MoNb,0.2,0.8,0,0,0,2,0,58
0.2_0.8_0_0_0_3,2.24296699108131,-2.7333680090865,5.56870214461519,2.75088856775261,-0.407889256055725,-0.0495143365717157,0.360099067236875,196.447809183668,9.28257534401548,MoNb,0.2,0.8,0,0,0,3,0,58
0.2_0_0.8_0_0_1,2.33983611452563,-2.46040917818761,6.07109794178368,3.04279853147636,-0.476235190859216,-0.0986495516774967,0.516468722870928,163.004109742363,10.0130184153701,MoTa,0.2,0,0.8,0,0,1,0,60
0.2_0_0.8_0_0_2,2.34040520551857,-2.46040917818762,6.0709477590512,3.0407138753951,-0.479442966006109,-0.100836005573635,0.516459002447562,162.912794764644,9.99657897122291,MoTa,0.2,0,0.8,0,0,2,0,60
0.2_0_0.8_0_0_3,2.3679665933269,-2.39250980052203,6.34985339134803,3.10800054749097,-0.556013494791603,-0.0848749694634695,0.578328360072611,166.432552843406,10.2638190571477,MoTa,0.2,0,0.8,0,0,3,0,60
0.2_0_0_0.8_0_1,2.31533935435427,-2.67655153404285,5.53414033809709,2.90541103554657,-0.242775586985941,0.00318552847720459,0.378749092445094,180.425623162154,10.0119167366056,MoV,0.2,0,0,0.8,0,1,0,61
0.2_0_0_0.8_0_2,2.31331534747465,-2.67075441635851,5.55968772347893,2.91799531848352,-0.245079649645583,0.00433052180049353,0.38272202777672,180.614327061263,10.0571132309376,MoV,0.2,0,0,0.8,0,2,0,61
0.2_0_0_0.8_0_3,2.32476448167173,-2.66212126921381,5.59973263774678,2.93252250138741,-0.250052119439183,0.00418443854345122,0.388841793117588,180.564724044407,10.1110475662098,MoV,0.2,0,0,0.8,0,3,0,61
0.2_0_0_0_0.8_1,2.7175739283527,-3.09665819214394,8.15699615057119,4.39437169978142,-0.284843865194159,-0.0347335752283519,0.365692274309052,380.538847301976,14.9937486068047,MoW,0.2,0,0,0,0.8,1,0,62
0.2_0_0_0_0.8_2,2.72065066636443,-3.08347118786198,8.25361253375417,4.43937464551452,-0.293310497132602,-0.0357988789850331,0.374980619038201,380.534388247988,15.1471213759265,MoW,0.2,0,0,0,0.8,2,0,62
0.2_0_0_0_0.8_3,2.71945886013387,-3.0878475624618,8.21936415542504,4.42227946126488,-0.292214463488995,-0.0361424698263978,0.371780756836339,380.591064757802,15.0848493293509,MoW,0.2,0,0,0,0.8,3,0,62
0.333333333333333_0.333333333333333_0.333333333333333_0_0_1,2.23383753288008,-2.64507540194082,5.8450079692982,2.80713835387505,-0.554531178918337,-0.103141036486636,0.413154167055653,194.012844612644,9.19692478683658,Mo_Nb_Ta,0.333333333333333,0.333333333333333,0.333333333333333,0,0,1,0,43
0.333333333333333_0.333333333333333_0_0.333333333333333_0_1,2.20211465041577,-2.78062089393705,5.0484656642951,2.66034630234999,-0.243497754382109,-0.0344826706390936,0.311203233296699,178.619856179109,9.00488987144347,Mo_Nb_V,0.333333333333333,0.333333333333333,0,0.333333333333333,0,1,0,44
0.333333333333333_0.333333333333333_0_0_0.333333333333333_1,2.42405243370015,-3.02002496612304,6.29407084596266,3.30859623537224,-0.309188014184214,-0.0485667057204789,0.304911441486616,279.17128115314,11.1810801771249,Mo_Nb_W,0.333333333333333,0.333333333333333,0,0,0.333333333333333,1,0,45
0.333333333333333_0_0.333333333333333_0.333333333333333_0_1,2.17115190947415,-2.65926003693278,5.01469362110521,2.59712299123702,-0.288721680267873,-0.0600019279944527,0.349284423483822,157.498006498157,8.69942615022806,Mo_Ta_V,0.333333333333333,0,0.333333333333333,0.333333333333333,0,1,0,46
0.333333333333333_0_0.333333333333333_0_0.333333333333333_1,2.42232040749112,-2.94124408826992,6.36612405348276,3.32245097374597,-0.319230098421795,-0.0533232879980198,0.333875868918491,260.917771210021,11.2447956192976,Mo_Ta_W,0.333333333333333,0,0.333333333333333,0,0.333333333333333,1,0,47
0.333333333333333_0_0_0.333333333333333_0.333333333333333_1,2.5200507877446,-2.84386992424475,6.91628929711181,3.65520889472012,-0.3223340555704,-0.0465772490881186,0.400050472015628,259.000144139071,12.3796402051202,Mo_V_W,0.333333333333333,0,0,0.333333333333333,0.333333333333333,1,0,48
0.36_0.56_0.04_0.04_0_1,2.21309318552178,-2.84043938914796,5.36561542642181,2.73544038464742,-0.350493991469789,-0.0575877825481844,0.311519301580067,206.108755877391,9.15725115541272,MoNbTaV,0.36,0.56,0.04,0.04,0,1,6,266
0.36_0.56_0.04_0.04_0_2,2.21036060892656,-2.8507665033038,5.32882318859907,2.72276289966291,-0.342003054810904,-0.056400971906712,0.3061806198349,206.280247077049,9.12015010951516,MoNbTaV,0.36,0.56,0.04,0.04,0,2,6,266
0.36_0.56_0.04_0.04_0_3,2.20679189350068,-2.86120138059638,5.28628607820746,2.71017593480159,-0.330073798410894,-0.0530874474129451,0.300556366795455,206.268732787018,9.09037021456609,MoNbTaV,0.36,0.56,0.04,0.04,0,3,6,266
0.379867673301018_0.452048805094202_0.0375305434025656_0.108994048771415_0.0215589294307989_1,2.32469300989213,-3.00376444525127,5.74433603185971,2.95778658062137,-0.280752715038364,-0.0474778808825432,0.282868913946861,245.961623228614,10.0938050917101,MoNbTaVW,0.379867673301018,0.452048805094202,0.0375305434025656,0.108994048771415,0.0215589294307989,1,3,42
0.379867673301018_0.452048805094202_0.0375305434025656_0.108994048771415_0.0215589294307989_2,2.32975079765145,-2.96423360649462,5.90958357369511,3.01763586383805,-0.321008703003644,-0.0598835550778799,0.302853915801976,245.636646931668,10.2434570883417,MoNbTaVW,0.379867673301018,0.452048805094202,0.0375305434025656,0.108994048771415,0.0215589294307989,2,3,42
0.379867673301018_0.452048805094202_0.0375305434025656_0.108994048771415_0.0215589294307989_3,2.32957256221331,-2.98380370268872,5.8330630110165,2.99084640418094,-0.298260356768737,-0.0506478242983658,0.293082857305174,245.995928940574,10.1935251704383,MoNbTaVW,0.379867673301018,0.452048805094202,0.0375305434025656,0.108994048771415,0.0215589294307989,3,3,42
0.3_0.7_0_0_0_1,2.21739376885389,-2.81674961802554,5.38031797450666,2.69622180493654,-0.369888693681454,-0.0638883554873109,0.319927195909657,201.116726707282,9.04621381929027,MoNb,0.3,0.7,0,0,0,1,100,49
0.3_0.7_0_0_0_2,2.2123033349564,-2.83361342407754,5.31488733578896,2.67670391321432,-0.352537939768123,-0.0603787248707704,0.310710122587697,201.177571320031,8.99398791446955,MoNb,0.3,0.7,0,0,0,2,100,49
0.3_0.7_0_0_0_3,2.22176727624414,-2.79688141480884,5.45420136453622,2.71498445089443,-0.393446008924056,-0.0689595481103755,0.330882020026225,201.047075735522,9.08800442173553,MoNb,0.3,0.7,0,0,0,3,100,49
0.3_0_0.7_0_0_1,2.27061800687856,-2.45108510131249,6.10082360602522,2.92196176437113,-0.680366139776398,-0.123777874302021,0.524042424208354,176.535265033398,9.31968936911185,MoTa,0.3,0,0.7,0,0,1,100,50
0.3_0_0.7_0_0_2,2.27550899666225,-2.4349742810398,6.15583588480161,2.92384130213889,-0.704802969040794,-0.119567830461626,0.53740105654198,177.497014186874,9.33477630653872,MoTa,0.3,0,0.7,0,0,2,100,50
0.3_0_0.7_0_0_3,2.27180893973865,-2.45108510131249,6.10416177096074,2.92417396573522,-0.680381505403397,-0.124418223575926,0.524328966164505,176.511083210145,9.32516020988484,MoTa,0.3,0,0.7,0,0,3,100,50
0.3_0_0_0.7_0_1,2.34986342192031,-2.69119308403579,5.76611191719175,3.04138935421148,-0.24020135137069,-0.00366099343376645,0.388849680026758,188.267406994277,10.4659000837182,MoV,0.3,0,0,0.7,0,1,100,51
0.3_0_0_0.7_0_2,2.32394141902217,-2.72723302051899,5.59789509361688,2.96705192915486,-0.221624921375067,-0.0011496116327529,0.364059959276458,188.523211613779,10.2161140536668,MoV,0.3,0,0,0.7,0,2,100,51
0.3_0_0_0.7_0_3,2.33312093416483,-2.71810053695572,5.64026728186275,2.98547305518272,-0.226494334312129,-0.00198608984732892,0.370202813792077,188.444950651167,10.2775775662533,MoV,0.3,0,0,0.7,0,3,100,51
0.3_0_0_0_0.7_1,2.69756859995488,-3.09665819214394,8.02450386995468,4.33642497516625,-0.286598925539996,-0.0393969493010989,0.359755651264171,375.934375816077,14.7462669171545,MoW,0.3,0,0,0,0.7,1,100,52
0.3_0_0_0_0.7_2,2.70076614085148,-3.09665819214395,8.02378834291231,4.33603310211949,-0.285724032073687,-0.0378667040393976,0.35972262777469,375.9085057786,14.7506193129383,MoW,0.3,0,0,0,0.7,2,100,52
0.3_0_0_0_0.7_3,2.69014636907179,-3.11002141995612,7.93485024757466,4.29778303009157,-0.273051924216973,-0.0353584023581829,0.350965987306278,375.835593803439,14.6292862898879,MoW,0.3,0,0,0,0.7,3,100,52
0.428571428571429_0.21428571428571_0.0714285714285714_0.0714285714285714_0.214285714285714_1,2.51221835424451,-3.0878475624618,6.89683052849286,3.42936010700271,-0.266272137900405,-0.0381511747853352,0.311971258691626,300.675382912032,12.1090658537783,MoNbTaVW,0.428571428571429,0.21428571428571,0.0714285714285714,0.0714285714285714,0.214285714285714,1,17,37
0.428571428571429_0.21428571428571_0.0714285714285714_0.0714285714285714_0.214285714285714_2,2.50694615414989,-3.08784756246178,6.89322041299544,3.42468432273899,-0.269896977911697,-0.0430277644372628,0.311811274043791,300.429987751559,12.0773044569262,MoNbTaVW,0.428571428571429,0.21428571428571,0.0714285714285714,0.0714285714285714,0.214285714285714,2,17,37
0.428571428571429_0.21428571428571_0.0714285714285714_0.0714285714285714_0.214285714285714_3,2.49927492466836,-3.11002141995611,6.7612222706393,3.38924300582588,-0.248186266910304,-0.0363256248591601,0.299064538237097,301.053424322865,11.9478233166123,MoNbTaVW,0.428571428571429,0.21428571428571,0.0714285714285714,0.0714285714285714,0.214285714285714,3,17,37
0.468262892970793_0.205354348088931_0.0988444935627599_0.168163171984643_0.0593750933928729_1,2.47756096298069,-3.09665819214396,6.61751900363243,3.29015167276455,-0.226604362196877,-0.0422455689334345,0.296664405503915,285.543103021609,11.6665858410516,MoNbTaVW,0.468262892970793,0.205354348088931,0.0988444935627599,0.168163171984643,0.0593750933928729,1,15,36
0.468262892970793_0.205354348088931_0.0988444935627599_0.168163171984643_0.0593750933928729_2,2.47535566346522,-3.09665819214396,6.63471387211345,3.28862404609133,-0.227898171813586,-0.0415449488851505,0.29743587497681,285.708327553399,11.6800979454396,MoNbTaVW,0.468262892970793,0.205354348088931,0.0988444935627599,0.168163171984643,0.0593750933928729,2,15,36
0.468262892970793_0.205354348088931_0.0988444935627599_0.168163171984643_0.0593750933928729_3,2.47919326936713,-3.09665819214394,6.61962673235969,3.29109002821932,-0.226105434290337,-0.0396040226438915,0.296758392381028,285.789565260805,11.6780124919469,MoNbTaVW,0.468262892970793,0.205354348088931,0.0988444935627599,0.168163171984643,0.0593750933928729,3,15,36
0.471211344493835_0.393716987664529_0.028239730499606_0.0173855623909212_0.0894463749511089_1,2.37815616330509,-3.00780485478827,6.17732557680498,3.06861681170826,-0.297424625022228,-0.0542182412110846,0.302951221436214,256.538614480224,10.6637684256246,MoNbTaVW,0.471211344493835,0.393716987664529,0.028239730499606,0.0173855623909212,0.0894463749511089,1,2,35
0.471211344493835_0.393716987664529_0.028239730499606_0.0173855623909212_0.0894463749511089_2,2.37397282676201,-3.02002496612305,6.10752512178762,3.04669501056326,-0.287926050731845,-0.0523872171804787,0.295858063698158,256.669435708946,10.5813892828742,MoNbTaVW,0.471211344493835,0.393716987664529,0.028239730499606,0.0173855623909212,0.0894463749511089,2,2,35
0.471211344493835_0.393716987664529_0.028239730499606_0.0173855623909212_0.0894463749511089_3,2.36694452693457,-3.02002496612303,6.11364812757382,3.04713715316397,-0.288445380988693,-0.0518442700210155,0.29615487504177,256.850572280767,10.5885055830146,MoNbTaVW,0.471211344493835,0.393716987664529,0.028239730499606,0.0173855623909212,0.0894463749511089,3,2,35
0.4_0.6_0_0_0_1,2.23663176862764,-2.91877123241787,5.27594041827552,2.77346973065323,-0.306557959821077,-0.0588427944817481,0.283059682488795,217.378234732117,9.22501135615559,MoNb,0.4,0.6,0,0,0,1,0,38
0.4_0.6_0_0_0_2,2.24413395014521,-2.8895720777256,5.39037095428755,2.8127034359466,-0.334571742029598,-0.0633152057016703,0.297842169600556,217.445009414373,9.33468079143961,MoNb,0.4,0.6,0,0,0,2,0,38
0.4_0.6_0_0_0_3,2.25289372570802,-2.86120138059639,5.50065607538486,2.84089521402444,-0.369400303300789,-0.0736017758030645,0.312762874247993,217.01058025625,9.39145261454615,MoNb,0.4,0.6,0,0,0,3,0,38
0.4_0_0.6_0_0_1,2.24740094694679,-2.6063965473757,5.85229972862981,2.91461550089015,-0.575259996042866,-0.152921243367625,0.430064205372082,185.790785972451,9.21621553594728,MoTa,0.4,0,0.6,0,0,1,0,39
0.4_0_0.6_0_0_2,2.24566539193322,-2.6621212692138,5.65577438555678,2.89672168862802,-0.477480984647222,-0.13680390361911,0.392930289230025,185.203154697556,9.24532141689408,MoTa,0.4,0,0.6,0,0,2,0,39
0.4_0_0.6_0_0_3,2.24648217085864,-2.60639654737572,5.84710175371968,2.91190075529449,-0.577578969828149,-0.153955399494861,0.429684431045309,185.786361200188,9.19859193072976,MoTa,0.4,0,0.6,0,0,3,0,39
0.4_0_0_0.6_0_1,2.38486039097547,-2.73954086819359,5.8811311206109,3.1498901952135,-0.233090810784211,-0.0182353695922219,0.377774253173949,199.231760625589,10.7450964422982,MoV,0.4,0,0,0.6,0,1,0,40
0.4_0_0_0.6_0_2,2.39901451370629,-2.70306265959116,6.05249785239721,3.22583496693032,-0.257842622221099,-0.0237405350098823,0.403323861617968,198.896959293697,10.9796143720201,MoV,0.4,0,0,0.6,0,2,0,40
0.4_0_0_0.6_0_3,2.39391987898669,-2.71810053695571,5.9889491211065,3.19546118531706,-0.247249294959012,-0.0207976902717334,0.393093668113593,199.174412918269,10.8942223095622,MoV,0.4,0,0,0.6,0,3,0,40
0.4_0_0_0_0.6_1,2.6775471408709,-3.09665819214397,7.91140021738593,4.29145126546428,-0.28413968780638,-0.0395243726780626,0.354683419640539,372.068246151795,14.5609901158594,MoW,0.4,0,0,0,0.6,1,0,41
0.4_0_0_0_0.6_2,2.67545107787501,-3.10109278921181,7.87909315364558,4.27966248215906,-0.280316595568443,-0.0393871287449804,0.351656485757126,372.103994538467,14.5169175703382,MoW,0.4,0,0,0,0.6,2,0,41
0.4_0_0_0_0.6_3,2.66898905372162,-3.12356564506388,7.73170230133542,4.21320045577011,-0.261576396104282,-0.0352421549042498,0.337334449393698,372.107895119297,14.305601957525,MoW,0.4,0,0,0,0.6,3,0,41
0.503329559403349_0.247824139044354_0.188119014393079_0.00428983457920873_0.0564374525800091_1,2.42767883118138,-3.22892616072169,6.29654292233837,2.92056584910841,-0.187092532358888,-0.0241653102644295,0.246988877967457,285.766398362618,10.8381670945392,MoNbTaVW,0.503329559403349,0.247824139044354,0.188119014393079,0.00428983457920873,0.0564374525800091,1,4,30
0.503329559403349_0.247824139044354_0.188119014393079_0.00428983457920873_0.0564374525800091_2,2.43234073340842,-3.17008566069878,6.48505782375042,3.05513819436137,-0.222090893305385,-0.026770414528667,0.269973752379501,287.262703170738,11.1769980739834,MoNbTaVW,0.503329559403349,0.247824139044354,0.188119014393079,0.00428983457920873,0.0564374525800091,2,4,30
0.503329559403349_0.247824139044354_0.188119014393079_0.00428983457920873_0.0564374525800091_3,2.37268290734494,-3.31869616015041,5.95713210591349,2.72645212984757,-0.154250749472407,-0.0144416234651569,0.213400640238055,286.482202830536,10.2580497228358,MoNbTaVW,0.503329559403349,0.247824139044354,0.188119014393079,0.00428983457920873,0.0564374525800091,3,4,30
0.504239736400679_0.247380428204709_0.204703754034917_0.037834383181405_0.00584169817828904_1,2.36241531145456,-3.27544617635657,6.07736194498981,2.72562859578826,-0.166055425326116,-0.0166964887744627,0.227439123250485,277.156657586008,10.3473393443438,MoNbTaVW,0.504239736400679,0.247380428204709,0.204703754034917,0.037834383181405,0.00584169817828904,1,5,29
0.504239736400679_0.247380428204709_0.204703754034917_0.037834383181405_0.00584169817828904_2,2.40876236833186,-3.24933503235291,6.31568319862541,2.76144463099153,-0.178167148926229,-0.0213846695864569,0.242678730065084,275.633994301898,10.610077041728,MoNbTaVW,0.504239736400679,0.247380428204709,0.204703754034917,0.037834383181405,0.00584169817828904,2,5,29
0.504239736400679_0.247380428204709_0.204703754034917_0.037834383181405_0.00584169817828904_3,2.41615363458751,-3.07911388249305,5.9740342097919,3.26170683674843,-0.185186657595547,-0.0757256086316367,0.272579084794266,268.349389068662,10.9810046958704,MoNbTaVW,0.504239736400679,0.247380428204709,0.204703754034917,0.037834383181405,0.00584169817828904,3,5,29
0.511625604836722_0.228321557179184_0.217815058158683_0.0118242338074101_0.0304135460180009_1,2.43985053629495,-2.97201574693667,5.89982597795466,3.48286910112332,-0.122219730706544,-0.205387873303401,0.299818986771061,227.880479515203,11.1001106699946,MoNbTaVW,0.511625604836722,0.228321557179184,0.217815058158683,0.0118242338074101,0.0304135460180009,1,8,28
0.511625604836722_0.228321557179184_0.217815058158683_0.0118242338074101_0.0304135460180009_2,2.44694565527626,-2.98380370268871,5.90249458498416,3.45553910309902,-0.138105742162172,-0.19168710567141,0.296427050635455,233.795514306132,11.0554925297307,MoNbTaVW,0.511625604836722,0.228321557179184,0.217815058158683,0.0118242338074101,0.0304135460180009,2,8,28
0.511625604836722_0.228321557179184_0.217815058158683_0.0118242338074101_0.0304135460180009_3,2.4421568152061,-2.98380370268873,5.80235806685006,3.45390041210871,-0.100453346652091,-0.208879834976264,0.291366984412233,225.411085694956,10.9913932505601,MoNbTaVW,0.511625604836722,0.228321557179184,0.217815058158683,0.0118242338074101,0.0304135460180009,3,8,28
0.517148450160615_0.331375807305149_0.115906166820041_0.000380151477743418_0.035189424236_1,2.39801677899686,-3.02825546525955,5.84017497056776,3.22755278186838,-0.185952979169273,-0.129761105669114,0.280492323033246,245.892844507819,10.6522556598169,MoNbTaVW,0.517148450160615,0.331375807305149,0.115906166820041,0.000380151477743418,0.035189424236,1,16,27
0.517148450160615_0.331375807305149_0.115906166820041_0.000380151477743418_0.035189424236_2,2.38192986253834,-3.06187207605855,5.67366754313371,3.1575541376822,-0.156954209643624,-0.123795395180788,0.263396466043314,246.054000107363,10.4430537484428,MoNbTaVW,0.517148450160615,0.331375807305149,0.115906166820041,0.000380151477743418,0.035189424236,2,16,27
0.517148450160615_0.331375807305149_0.115906166820041_0.000380151477743418_0.035189424236_3,2.39369982586077,-3.04072963948472,5.77976957409826,3.20040004012874,-0.17791584846366,-0.125328830267827,0.27411788854625,246.590547914195,10.5736378996817,MoNbTaVW,0.517148450160615,0.331375807305149,0.115906166820041,0.000380151477743418,0.035189424236,3,16,27
0.558945134699421_0.224767879224168_0.0360116057942282_0.00575377413400183_0.174521606148182_1,2.47897797185589,-3.12812146159975,6.62346459838564,3.29289008500565,-0.217250675371812,-0.0374117471982029,0.287649585146354,293.361358031192,11.708672166804,MoNbTaVW,0.558945134699421,0.224767879224168,0.0360116057942282,0.00575377413400183,0.174521606148182,1,12,26
0.558945134699421_0.224767879224168_0.0360116057942282_0.00575377413400183_0.174521606148182_2,2.48169863434263,-3.12812146159972,6.61362895191889,3.29157000617702,-0.217578374320597,-0.0379667308920375,0.287223006526597,293.26358062672,11.694469377209,MoNbTaVW,0.558945134699421,0.224767879224168,0.0360116057942282,0.00575377413400183,0.174521606148182,2,12,26
0.558945134699421_0.224767879224168_0.0360116057942282_0.00575377413400183_0.174521606148182_3,2.48446083933856,-3.1190304898985,6.6667108278925,3.31269912662118,-0.224519739636332,-0.0393624225846135,0.292199582803891,293.413359167853,11.7655234516178,MoNbTaVW,0.558945134699421,0.224767879224168,0.0360116057942282,0.00575377413400183,0.174521606148182,3,12,26
0.563095086535493_0.21996689987593_0.0430743302859987_0.167507649400474_0.00635603390210454_1,2.49187102561294,-3.04492251774477,6.59492348562142,3.53979546528384,-0.260946974909609,-0.0460978863061497,0.311510366627854,295.020213013177,11.9897816309159,MoNbTaVW,0.563095086535493,0.21996689987593,0.0430743302859987,0.167507649400474,0.00635603390210454,1,10,25
0.563095086535493_0.21996689987593_0.0430743302859987_0.167507649400474_0.00635603390210454_2,2.48227124192545,-3.06615473785055,6.48107084820843,3.4916675730964,-0.245608518019398,-0.0401140696485175,0.299641864365307,295.623930092624,11.8410645751357,MoNbTaVW,0.563095086535493,0.21996689987593,0.0430743302859987,0.167507649400474,0.00635603390210454,2,10,25
0.563095086535493_0.21996689987593_0.0430743302859987_0.167507649400474_0.00635603390210454_3,2.47998495876122,-3.07477548089445,6.43182476144671,3.47098482775942,-0.236158250579223,-0.0390316023772254,0.294785611910873,295.070074936329,11.7793250443792,MoNbTaVW,0.563095086535493,0.21996689987593,0.0430743302859987,0.167507649400474,0.00635603390210454,3,10,25
0.566554128633503_0.211354081867463_0.179894259081616_0.0376029042700819_0.00459462614733669_1,2.48402950335234,-3.01186165548389,6.0422787462467,3.57428798010809,-0.0990326806384771,-0.208783386015477,0.294950524481006,242.045857785607,11.4410141212155,MoNbTaVW,0.566554128633503,0.211354081867463,0.179894259081616,0.0376029042700819,0.00459462614733669,1,6,24
0.566554128633503_0.211354081867463_0.179894259081616_0.0376029042700819_0.00459462614733669_2,2.48362685473584,-3.01186165548386,6.14802019184562,3.58716214369511,-0.132802425167945,-0.17714458575666,0.300140483361406,252.303434002484,11.5748622390762,MoNbTaVW,0.566554128633503,0.211354081867463,0.179894259081616,0.0376029042700819,0.00459462614733669,2,6,24
0.566554128633503_0.211354081867463_0.179894259081616_0.0376029042700819_0.00459462614733669_3,2.47118675188766,-3.02002496612305,5.94474788877981,3.54523090252885,-0.0720045022558053,-0.216958418899696,0.287789280036431,237.174660206384,11.3317957223404,MoNbTaVW,0.566554128633503,0.211354081867463,0.179894259081616,0.0376029042700819,0.00459462614733669,3,6,24
0.59021386_0.23574696_0.0979682_0.03833502_0.03773596_1,2.47405194755838,-3.12812146159975,6.72420524817247,3.2333444061624,-0.225408228194251,-0.0377065122001795,0.292028909532427,289.984261346976,11.6887375541907,MoNbTaVW,0.59021386,0.23574696,0.0979682,0.03833502,0.03773596,1,1,23
0.59021386_0.23574696_0.0979682_0.03833502_0.03773596_2,2.48536653943539,-3.10554713956121,6.83177596471591,3.28503832614563,-0.243147498563483,-0.0441992413190919,0.303544945480822,290.15162517125,11.8308856232603,MoNbTaVW,0.59021386,0.23574696,0.0979682,0.03833502,0.03773596,2,1,23
0.59021386_0.23574696_0.0979682_0.03833502_0.03773596_3,2.47648433188455,-3.12812146159974,6.72415651020662,3.23573316976321,-0.227675567199365,-0.039497845894507,0.292028789990744,290.395906801914,11.6833741502011,MoNbTaVW,0.59021386,0.23574696,0.0979682,0.03833502,0.03773596,3,1,23
0.5_0.5_0_0_0_1,2.29895859844831,-2.94503915923847,5.51758588243608,2.97408460294763,-0.298705475333889,-0.0619725776433279,0.288272539576272,234.475751026815,9.82037884673817,MoNb,0.5,0.5,0,0,0,1,100,31
0.5_0.5_0_0_0_2,2.30599307004102,-2.92620621090538,5.59913902535793,3.00132732491047,-0.317881931003339,-0.0648320742651631,0.298145662221885,234.58687107982,9.89992401592173,MoNb,0.5,0.5,0,0,0,2,100,31
0.5_0.5_0_0_0_3,2.30027523201489,-2.94503915923848,5.51593246399395,2.97222721001167,-0.299032225725887,-0.0614815026506462,0.288186477975627,234.473305994087,9.81605930549281,MoNb,0.5,0.5,0,0,0,3,100,31
0.5_0_0.5_0_0_1,2.28486393022349,-2.78709340844265,5.79311601680622,2.94136069546783,-0.391151393610787,-0.115570997625585,0.35490138299562,203.87422713968,9.70300708637137,MoTa,0.5,0,0.5,0,0,1,100,32
0.5_0_0.5_0_0_2,2.28593694925832,-2.84043938914796,5.58448201945328,2.88915220225209,-0.312423597026003,-0.0872554441715904,0.324191233058566,204.790903178889,9.64862060331771,MoTa,0.5,0,0.5,0,0,2,100,32
0.5_0_0.5_0_0_3,2.28277812207105,-2.8612013805964,5.49944944932023,2.86399256422048,-0.287780515815278,-0.0800785248727158,0.312637643891092,204.957045959749,9.59224081590927,MoTa,0.5,0,0.5,0,0,3,100,32
0.5_0_0_0.5_0_1,2.41960495657271,-2.78709340844267,6.12271165697162,3.28269930467293,-0.242639884014571,-0.0273059792807394,0.37492564371197,215.7876924658,11.1701156980921,MoV,0.5,0,0,0.5,0,1,100,33
0.5_0_0_0.5_0_2,2.42708894107684,-2.77099000087608,6.19988149895269,3.31547776388737,-0.255215104949066,-0.0311320963511827,0.385859701066215,215.498308000578,11.2667548246093,MoV,0.5,0,0,0.5,0,2,100,33
0.5_0_0_0.5_0_3,2.41366187869745,-2.79360808946385,6.08658540251903,3.26687041525672,-0.238847613519545,-0.0268563641442331,0.370276570886104,215.754059537976,11.1160549601156,MoV,0.5,0,0,0.5,0,3,100,33
0.5_0_0_0_0.5_1,2.66668662166168,-3.10554713956118,7.76353427812123,4.23755073867528,-0.272530196082184,-0.0407835804770141,0.344940731706744,368.996615327635,14.3423220272837,MoW,0.5,0,0,0,0.5,1,100,34
0.5_0_0_0_0.5_2,2.66857586707639,-3.10554713956119,7.76044386814408,4.23922687996552,-0.269732759887187,-0.0393953239103592,0.34480071858641,368.793395514751,14.3516757163276,MoW,0.5,0,0,0,0.5,2,100,34
0.5_0_0_0_0.5_3,2.66817330834915,-3.1055471395612,7.7658173212057,4.23923959187498,-0.273357211108194,-0.0398725207807937,0.345042357139592,369.350232810145,14.3479869268028,MoW,0.5,0,0,0,0.5,3,100,34
0.606956822620089_0.18075601024351_0.0533219540481665_0.0566851789925438_0.102280034095691_1,2.51812966805879,-3.11002141995611,6.70181346145502,3.48895422905119,-0.215543134130301,-0.0507486797132116,0.296409928451629,302.043834039198,12.0944783174106,MoNbTaVW,0.606956822620089,0.18075601024351,0.0533219540481665,0.0566851789925438,0.102280034095691,1,14,18
0.606956822620089_0.18075601024351_0.0533219540481665_0.0566851789925438_0.102280034095691_2,2.51506307478719,-3.1100214199561,6.709216921372,3.49109259397752,-0.214402320421359,-0.0502105794503145,0.296736156958458,302.070556017074,12.1093828513998,MoNbTaVW,0.606956822620089,0.18075601024351,0.0533219540481665,0.0566851789925438,0.102280034095691,2,14,18
0.606956822620089_0.18075601024351_0.0533219540481665_0.0566851789925438_0.102280034095691_3,2.51845001484355,-3.11002141995612,6.70334326285639,3.49084079891415,-0.213133310128799,-0.0484669221956552,0.296475423960765,302.002201655847,12.110206380056,MoNbTaVW,0.606956822620089,0.18075601024351,0.0533219540481665,0.0566851789925438,0.102280034095691,3,14,18
0.623479547679616_0.202328663221231_0.124409271244214_0.0492229729861422_0.000559544868797162_1,2.50857245194517,-3.13269812862714,6.83457540271875,3.32925863916922,-0.222903634712097,-0.0354055294814825,0.295449840143107,298.645361637416,11.9747681384011,MoNbTaVW,0.623479547679616,0.202328663221231,0.124409271244214,0.0492229729861422,0.000559544868797162,1,18,17
0.623479547679616_0.202328663221231_0.124409271244214_0.0492229729861422_0.000559544868797162_2,2.50275514768293,-3.13269812862714,6.82999316249055,3.32444869693572,-0.223471818537416,-0.0349651208508785,0.295252387437233,298.395128605061,11.961797380311,MoNbTaVW,0.623479547679616,0.202328663221231,0.124409271244214,0.0492229729861422,0.000559544868797162,2,18,17
0.623479547679616_0.202328663221231_0.124409271244214_0.0492229729861422_0.000559544868797162_3,2.49106612993762,-3.15590102570682,6.70254360701996,3.27495403886175,-0.207111368431208,-0.0350746017566077,0.283029554556018,298.251176742156,11.7839059477167,MoNbTaVW,0.623479547679616,0.202328663221231,0.124409271244214,0.0492229729861422,0.000559544868797162,3,18,17
0.68_0.24_0_0.04_0.04_1,2.45326329497129,-3.01186165548388,6.41160884452144,3.43768951633063,-0.276921014358261,-0.0497139291424245,0.313133362720133,280.754281175029,11.5881007772847,MoNbVW,0.68,0.24,0,0.04,0.04,1,5,266
0.68_0.24_0_0.04_0.04_2,2.44215621997004,-3.0323962579256,6.30343079345974,3.39459470592812,-0.257326399562077,-0.0440501727022679,0.301533049275107,280.71128956792,11.4623116551064,MoNbVW,0.68,0.24,0,0.04,0.04,2,5,266
0.68_0.24_0_0.04_0.04_3,2.45051562774411,-3.01186165548388,6.41258531979969,3.43718776969473,-0.277017880035597,-0.0498384901017497,0.313181294201421,280.719332525236,11.5876902862336,MoNbVW,0.68,0.24,0,0.04,0.04,3,5,266
0.6_0.4_0_0_0_1,2.39948434193646,-2.96811710652102,6.12311936620526,3.28487855158109,-0.307829918944234,-0.0642665923116571,0.31254744894203,261.874560856132,10.933926682328,MoNb,0.6,0.4,0,0,0,1,0,19
0.6_0.4_0_0_0_2,2.39107970541923,-2.99974029495153,5.95434297496245,3.22986989635092,-0.273918103112597,-0.0577089555436067,0.294381368602345,261.558461585677,10.7605088809148,MoNb,0.6,0.4,0,0,0,2,0,19
0.6_0.4_0_0_0_3,2.39897551416528,-2.96811710652101,6.10713601304308,3.28624756551942,-0.305027197285711,-0.0632842489635593,0.311728355763412,261.651293315243,10.9288962681985,MoNb,0.6,0.4,0,0,0,3,0,19
0.6_0_0.4_0_0_1,2.35058241518883,-2.90042209374965,6.07932082821219,3.04158068435567,-0.332980786963804,-0.0669954623636939,0.332254032546529,233.349969337237,10.4112087071027,MoTa,0.6,0,0.4,0,0,1,0,20
0.6_0_0.4_0_0_2,2.34771136143922,-2.92248181181441,5.98418273762837,3.01099801983308,-0.305597030303416,-0.0565153788918536,0.319853399660776,233.63409140529,10.3495416649092,MoTa,0.6,0,0.4,0,0,2,0,20
0.6_0_0.4_0_0_3,2.34930047274418,-2.92248181181441,5.98511237693467,3.00935959278441,-0.307399364268956,-0.0572820712085322,0.319904808010523,233.700842913969,10.3417751542779,MoTa,0.6,0,0.4,0,0,3,0,20
0.6_0_0_0.4_0_1,2.47326997810222,-2.82346105261354,6.47092592669046,3.46384264565129,-0.266832177049626,-0.0386368606771238,0.382023013394385,235.786067383335,11.7473065517961,MoV,0.6,0,0,0.4,0,1,0,21
0.6_0_0_0.4_0_2,2.45988642414122,-2.84043938914795,6.38153331200632,3.42747231764497,-0.253129413974271,-0.0366240257662233,0.370355048570318,235.760575780171,11.6300542258442,MoV,0.6,0,0,0.4,0,2,0,21
0.6_0_0_0.4_0_3,2.47013620844709,-2.82346105261353,6.45800946631823,3.46664712348088,-0.265833986882478,-0.04092433073392,0.381259085458522,235.433309815898,11.7355923584033,MoV,0.6,0,0,0.4,0,3,0,21
0.6_0_0_0_0.4_1,2.66536347705617,-3.10109278921181,7.74419869508162,4.23135104738519,-0.265863997473195,-0.0403065222582684,0.345625646708385,365.903015907065,14.3282438996852,MoW,0.6,0,0,0,0.4,1,0,22
0.6_0_0_0_0.4_2,2.66548842459144,-3.10109278921183,7.74317781420485,4.23019627731934,-0.265458434302623,-0.0391611254393848,0.345579655660726,365.856717103755,14.328994070836,MoW,0.6,0,0,0,0.4,2,0,22
0.6_0_0_0_0.4_3,2.66357961744452,-3.10109278921182,7.74137651049604,4.22975919272764,-0.265898823206249,-0.0398363661272381,0.345499673578858,365.831301318584,14.3237915537841,MoW,0.6,0,0,0,0.4,3,0,22
0.72_0.08_0.16_0_0.04_1,2.44946449703728,-3.07045581974994,6.44225882387761,3.27024861142542,-0.233536944402555,-0.058927286263,0.29659625047375,276.331409552741,11.4009790970156,MoNbTaW,0.72,0.08,0.16,0,0.04,1,4,266
0.72_0.08_0.16_0_0.04_2,2.4673451800368,-3.05760767727208,6.52312086540211,3.29325528697217,-0.249238387974868,-0.0630768403101739,0.304245338837944,276.672427706736,11.4770614872951,MoNbTaW,0.72,0.08,0.16,0,0.04,2,4,266
0.72_0.08_0.16_0_0.04_3,2.44332592267195,-3.09224317393484,6.34715760320222,3.22341729461167,-0.219917826427144,-0.0524993684768838,0.285862376562793,277.124722529224,11.2706408283984,MoNbTaW,0.72,0.08,0.16,0,0.04,3,4,266
0.76_0.16_0.04_0_0.04_1,2.46380390947284,-3.22388836669173,6.63193776176957,3.03368658683721,-0.199830255383813,-0.0188235213848541,0.261578316906365,296.664820519097,11.353361872816,MoNbTaW,0.76,0.16,0.04,0,0.04,1,1,266
0.76_0.16_0.04_0_0.04_2,2.46825002113661,-3.22388836669175,6.76294336135543,3.01093816314902,-0.201124816312943,-0.0162530045236002,0.266757155860203,295.023769294302,11.4489501301256,MoNbTaW,0.76,0.16,0.04,0,0.04,2,1,266
0.76_0.16_0.04_0_0.04_3,2.45924251631373,-3.23907853218571,6.52744623031202,3.0123660395333,-0.193679725271117,-0.0146684546075689,0.25353303502599,298.077105290105,11.2354224307655,MoNbTaW,0.76,0.16,0.04,0,0.04,3,1,266
0.7_0.3_0_0_0_1,2.43802021684973,-3.01593498087152,6.2798060943332,3.3844411931776,-0.275739057709734,-0.0611261728402139,0.305443492367264,276.508455230395,11.3385596811821,MoNb,0.7,0.3,0,0,0,1,100,13
0.7_0.3_0_0_0_2,2.43050763701839,-3.03655426807426,6.17733000206732,3.3439073226264,-0.25470515583564,-0.0568066338369453,0.294267540708226,276.26494607412,11.2226638408597,MoNb,0.7,0.3,0,0,0,2,100,13
0.7_0.3_0_0_0_3,2.44545973216423,-3.01593498087151,6.28213952624401,3.38686743205827,-0.273418763382354,-0.0615035449855483,0.305555269086587,276.258046873949,11.3491729425621,MoNb,0.7,0.3,0,0,0,3,100,13
0.7_0_0.3_0_0_1,2.41897427241566,-2.98776410390482,6.18763068943306,3.23554061546886,-0.273603976478263,-0.0549129312477383,0.309639779479773,259.232305493973,11.0115499458485,MoTa,0.7,0,0.3,0,0,1,100,14
0.7_0_0.3_0_0_2,2.42170743979493,-2.97592964625781,6.24432581572986,3.26281642870155,-0.282616036165148,-0.0576027852152881,0.316228752852703,259.215923784657,11.0889267403873,MoTa,0.7,0,0.3,0,0,2,100,14
0.7_0_0.3_0_0_3,2.41999101045694,-2.98776410390482,6.18665974616155,3.23848130023069,-0.271676629837118,-0.0535436078593555,0.309589005452328,259.301621871282,11.0232915455567,MoTa,0.7,0,0.3,0,0,3,100,14
0.7_0_0_0.3_0_1,2.49760281570397,-2.90042209374968,6.68174876171153,3.58267239703176,-0.264220393307742,-0.0383152647882753,0.365060862506744,260.998081866131,12.1670290367743,MoV,0.7,0,0,0.3,0,1,100,15
0.7_0_0_0.3_0_2,2.49795327369039,-2.90042209374967,6.67775123294437,3.58046024318703,-0.265099272760369,-0.038322534757007,0.364843163761967,260.994106528723,12.157286895967,MoV,0.7,0,0,0.3,0,2,100,15
0.7_0_0_0.3_0_3,2.48860888142558,-2.91507437053654,6.60182493746336,3.54857983700066,-0.252280113635892,-0.0358219842862179,0.355404903865765,261.008060843753,12.0604953255894,MoV,0.7,0,0,0.3,0,3,100,15
0.7_0_0_0_0.3_1,2.65514108852766,-3.11451580954395,7.64298573922649,4.16996887062536,-0.249341020791493,-0.0362998213339796,0.336514269535388,363.436825874184,14.1670654142209,MoW,0.7,0,0,0,0.3,1,100,16
0.7_0_0_0_0.3_2,2.66469735275693,-3.10554713956121,7.70129586788053,4.19495190482834,-0.258035742825864,-0.037963202313501,0.342168120425537,363.565830906272,14.2455720865572,MoW,0.7,0,0,0,0.3,2,100,16
0.7_0_0_0_0.3_3,2.66321638906312,-3.10554713956121,7.70080265630347,4.19461818134457,-0.258476455109812,-0.0384547468976742,0.342146645088936,363.566727369616,14.242315215668,MoW,0.7,0,0,0,0.3,3,100,16
0.814335266097612_0.0589115655753951_0.118164052719972_0.00598667383669466_0.00260244177032586_1,2.5478526854188,-3.10554713956119,6.88627405795918,3.64633356568908,-0.214302858847749,-0.0425563490678887,0.305939262964309,313.461396324176,12.5724731560473,MoNbTaVW,0.814335266097612,0.0589115655753951,0.118164052719972,0.00598667383669466,0.00260244177032586,1,13,8
0.814335266097612_0.0589115655753951_0.118164052719972_0.00598667383669466_0.00260244177032586_2,2.54229851882843,-3.1055471395612,6.88379488490905,3.64329024051502,-0.215122172212109,-0.0427723481991247,0.305829909090595,313.341528902263,12.5624454608073,MoNbTaVW,0.814335266097612,0.0589115655753951,0.118164052719972,0.00598667383669466,0.00260244177032586,2,13,8
0.814335266097612_0.0589115655753951_0.118164052719972_0.00598667383669466_0.00260244177032586_3,2.54588008949297,-3.10554713956119,6.88030422550154,3.64181225149736,-0.216644304271797,-0.0435622677447737,0.30567626405816,313.405082953629,12.5511256599554,MoNbTaVW,0.814335266097612,0.0589115655753951,0.118164052719972,0.00598667383669466,0.00260244177032586,3,13,8
0.88_0.04_0.04_0.04_0_1,2.55868612014168,-3.07911388249303,6.93737985257419,3.75280277227533,-0.231783230860706,-0.0305595823504103,0.316555263076776,317.67003492371,12.7994010225244,MoNbTaV,0.88,0.04,0.04,0.04,0,1,2,266
0.88_0.04_0.04_0.04_0_2,2.57488379040595,-3.05760767727207,7.06190655506251,3.81055631314993,-0.245463191797538,-0.0316809320786036,0.329307403181688,317.628002269884,12.9913094637551,MoNbTaV,0.88,0.04,0.04,0.04,0,2,2,266
0.88_0.04_0.04_0.04_0_3,2.55860207557414,-3.07911388249303,6.93507707153076,3.75309828361277,-0.232113418998949,-0.03140003614069,0.31645040506869,317.660074847093,12.7947776115492,MoNbTaV,0.88,0.04,0.04,0.04,0,3,2,266
0.892361367698419_0.0543762491805898_0.050432339005261_0.000514273781817776_0.00231577033391291_1,2.65037508118284,-3.03655426807424,7.45759864934024,4.16358589674539,-0.251710358614049,-0.0582116189412687,0.355203560781542,334.768881307907,13.9138229269107,MoNbTaVW,0.892361367698419,0.0543762491805898,0.050432339005261,0.000514273781817776,0.00231577033391291,1,11,7
0.892361367698419_0.0543762491805898_0.050432339005261_0.000514273781817776_0.00231577033391291_2,2.62962776744716,-3.06615473785053,7.26245341757184,4.07527367845077,-0.229645246776487,-0.0563119252950493,0.3357276747732,334.647875777285,13.6187136309499,MoNbTaVW,0.892361367698419,0.0543762491805898,0.050432339005261,0.000514273781817776,0.00231577033391291,2,11,7
0.892361367698419_0.0543762491805898_0.050432339005261_0.000514273781817776_0.00231577033391291_3,2.64884123640014,-3.03655426807424,7.46241476960607,4.16359899753138,-0.252276915700742,-0.0583526953189941,0.355433307486634,334.845837075903,13.9170714444669,MoNbTaVW,0.892361367698419,0.0543762491805898,0.050432339005261,0.000514273781817776,0.00231577033391291,3,11,7
0.8_0.2_0_0_0_1,2.52898110884354,-3.06615473785054,6.84690305561678,3.68588354597211,-0.258062127436236,-0.0379226143092947,0.316559338279565,312.342877212044,12.5187707579348,MoNb,0.8,0.2,0,0,0,1,0,9
0.8_0.2_0_0_0_2,2.52868364647137,-3.06615473785054,6.84612987496284,3.68573209242701,-0.257602813492699,-0.0378190770409092,0.316523235422844,312.267231876193,12.5189982032744,MoNb,0.8,0.2,0,0,0,2,0,9
0.8_0.2_0_0_0_3,2.53478107367115,-3.05336138639064,6.91922576729996,3.71684095506655,-0.268624290382154,-0.0415099479654644,0.324061967421724,312.176734756413,12.6126704036896,MoNb,0.8,0.2,0,0,0,3,0,9
0.8_0_0.2_0_0_1,2.48145110302411,-3.03239625792559,6.46439845478738,3.5349281900026,-0.249750207644243,-0.0484960304989233,0.309215387590122,289.042194627278,11.869664770161,MoTa,0.8,0,0.2,0,0,1,0,10
0.8_0_0.2_0_0_2,2.48922663627557,-3.01186165548388,6.57749231638967,3.58080839969951,-0.2710369282317,-0.0557060976638429,0.321218081431952,289.142848064796,11.9976074106218,MoTa,0.8,0,0.2,0,0,2,0,10
0.8_0_0.2_0_0_3,2.48648866317015,-3.01186165548386,6.57349014496009,3.58254706535796,-0.268540300891547,-0.0562309860525085,0.321020552029476,288.796742678767,12.0007175652609,MoTa,0.8,0,0.2,0,0,3,0,10
0.8_0_0_0.2_0_1,2.54140338407348,-2.97201574693667,6.93547337014483,3.7397594156151,-0.256308694777548,-0.0380737121295926,0.352552666822219,288.895842166666,12.7065203525509,MoV,0.8,0,0,0.2,0,1,0,11
0.8_0_0_0.2_0_2,2.53486552657932,-2.98380370268871,6.86589527751645,3.70899675043274,-0.247276500563177,-0.0355690655329176,0.344890297421984,288.945897061617,12.6097288125471,MoV,0.8,0,0,0.2,0,2,0,11
0.8_0_0_0.2_0_3,2.53192536194261,-2.98380370268871,6.86710479211494,3.70941916025291,-0.246722167928384,-0.0356071624882554,0.344950705077459,288.880978578842,12.6127783631276,MoV,0.8,0,0,0.2,0,3,0,11
0.8_0_0_0_0.2_1,2.67451556339374,-3.0878475624618,7.80983584209289,4.23473360277414,-0.262271219898537,-0.0340162907517843,0.353240937559799,361.611011617085,14.4238649113224,MoW,0.8,0,0,0,0.2,1,0,12
0.8_0_0_0_0.2_2,2.66165918892896,-3.11002141995613,7.66347852321863,4.16553124465634,-0.247576719974771,-0.0322846967035992,0.3389492655856,361.621811555299,14.1940401961898,MoW,0.8,0,0,0,0.2,2,0,12
0.8_0_0_0_0.2_3,2.66342974573034,-3.1010927892118,7.72337786607332,4.19246017466282,-0.254023798555371,-0.0329292193636476,0.344691934141055,361.655062220886,14.2849225356744,MoW,0.8,0,0,0,0.2,3,0,12
0.918226197538887_0.038983258285797_0.0044496918884794_0.0239469427371686_0.0143939095496682_1,2.65877734918923,-3.04492251774476,7.77411674219817,4.17190154229097,-0.275753751115002,-0.0363006175504221,0.367181337864363,344.554529720543,14.2469644868586,MoNbTaVW,0.918226197538887,0.038983258285797,0.0044496918884794,0.0239469427371686,0.0143939095496682,1,9,2
0.918226197538887_0.038983258285797_0.0044496918884794_0.0239469427371686_0.0143939095496682_2,2.65572330499091,-3.05336138639062,7.71815545669053,4.14709699637544,-0.269172146468779,-0.0357105243598978,0.361446872710569,344.488028271317,14.1638877969535,MoNbTaVW,0.918226197538887,0.038983258285797,0.0044496918884794,0.0239469427371686,0.0143939095496682,2,9,2
0.918226197538887_0.038983258285797_0.0044496918884794_0.0239469427371686_0.0143939095496682_3,2.67547986417338,-3.02413174807568,7.90881740371865,4.23335512523459,-0.291499560031151,-0.0380641713933393,0.381461981937844,344.551191331842,14.4492836859011,MoNbTaVW,0.918226197538887,0.038983258285797,0.0044496918884794,0.0239469427371686,0.0143939095496682,3,9,2
0.9_0.1_0_0_0_1,2.58936878432252,-3.08784756246181,7.21089593417897,3.83666976152676,-0.243797756956606,-0.0317072078930899,0.326164474579806,328.551377824736,13.1875230306649,MoNb,0.9,0.1,0,0,0,1,100,3
0.9_0.1_0_0_0_2,2.59508635279034,-3.07911388249303,7.2594794571905,3.86267551410039,-0.248760225165292,-0.031451658493952,0.331267830717678,328.650894304311,13.2709368525779,MoNb,0.9,0.1,0,0,0,2,100,3
0.9_0.1_0_0_0_3,2.58800107403575,-3.0878475624618,7.20763261966832,3.83766227329403,-0.242805160787946,-0.029408599756007,0.326015241444398,328.69328085961,13.1938900413182,MoNb,0.9,0.1,0,0,0,3,100,3
0.9_0_0.1_0_0_1,2.57143554954887,-3.07477548089446,7.01662167236674,3.81724741510717,-0.234871892665855,-0.0351729837500028,0.321572064114272,321.224335730822,12.9711600865482,MoTa,0.9,0,0.1,0,0,1,100,4
0.9_0_0.1_0_0_2,2.5715154635665,-3.06615473785054,7.06598290668792,3.83734512318536,-0.244403488780316,-0.0389639624620426,0.326667930163414,321.245778665605,13.0250816874835,MoTa,0.9,0,0.1,0,0,2,100,4
0.9_0_0.1_0_0_3,2.56582209465438,-3.0878475624618,6.93899132601622,3.77748281787804,-0.228826506126344,-0.0346300434897532,0.313848164493678,321.289183476318,12.8392719725083,MoTa,0.9,0,0.1,0,0,3,100,4
0.9_0_0_0.1_0_1,2.58997063653478,-3.06615473785053,7.16772090036122,3.84252825742816,-0.229488696363591,-0.029241782781482,0.331365177035808,320.22201286691,13.1926273188092,MoV,0.9,0,0,0.1,0,1,100,5
0.9_0_0_0.1_0_2,2.58853125962001,-3.06615473785053,7.16317087944677,3.84292544210155,-0.228957345543162,-0.0281905241627789,0.331153826523421,320.276892240377,13.1925566638907,MoV,0.9,0,0,0.1,0,2,100,5
0.9_0_0_0.1_0_3,2.58908456195535,-3.05760767727208,7.21749347903385,3.86649388963908,-0.234341267339788,-0.0290570526560028,0.336555670753155,320.215120311942,13.2737870636618,MoV,0.9,0,0,0.1,0,3,100,5
0.9_0_0_0_0.1_1,2.67844422594428,-3.083471187862,7.82957214849177,4.22126209057514,-0.2604024498458,-0.0336373637326276,0.355701868362181,358.826816026203,14.4256858554643,MoW,0.9,0,0,0,0.1,1,100,6
0.9_0_0_0_0.1_2,2.65657176617833,-3.1055471395612,7.68273843919834,4.1541120108617,-0.243817412064338,-0.0310889226291393,0.341338178175167,358.699173664495,14.2050789572927,MoW,0.9,0,0,0,0.1,2,100,6
0.9_0_0_0_0.1_3,2.67804888241907,-3.08347118786198,7.82753135182395,4.22052210707878,-0.260002740174577,-0.0336349574689937,0.355608873538426,358.705133431233,14.4232510624649,MoW,0.9,0,0,0,0.1,3,100,6
0_0.1_0.9_0_0_1,2.60240641099558,-2.32687778556309,7.24052790941416,3.98827691636941,-0.239268318383705,-0.0729737266599858,0.703993871898581,154.882625764603,13.4033125273043,NbTa,0,0.1,0.9,0,0,1,100,97
0_0.1_0.9_0_0_2,2.60240922234989,-2.32687778556308,7.24189630347637,3.98805595442233,-0.239019660187603,-0.0727110973297927,0.704126821075551,154.89375701705,13.4055268197161,NbTa,0,0.1,0.9,0,0,2,100,97
0_0.1_0.9_0_0_3,2.60091352341054,-2.32687778556308,7.23904516244689,3.98857689943048,-0.239299597818851,-0.073056633493729,0.703849591139881,154.882122802833,13.4020641674533,NbTa,0,0.1,0.9,0,0,3,100,97
0_0.1_0_0.9_0_1,2.0972559746462,-2.72723302051899,4.56299217101997,2.350605347699,-0.239471207629879,0.00392555198877685,0.296804478043684,159.281000371654,8.09378779625328,NbV,0,0.1,0,0.9,0,1,100,98
0_0.1_0_0.9_0_2,2.10679210958552,-2.71205822249975,4.61988359133732,2.37379577454506,-0.246972863284809,0.00423159528728447,0.305128896035461,159.441870540153,8.17514653664029,NbV,0,0.1,0,0.9,0,2,100,98
0_0.1_0_0.9_0_3,2.09255356163614,-2.72723302051898,4.56349984511126,2.35088423950929,-0.239159751122016,0.0041567555873195,0.296837213442486,159.290970721591,8.09604869951405,NbV,0,0.1,0,0.9,0,3,100,98
0_0.1_0_0_0.9_1,2.67709157707455,-3.07045581974993,7.90435489967594,4.21877218828447,-0.289755325190341,-0.0364091356665629,0.363867634217362,358.777768815071,14.4258612310717,NbW,0,0.1,0,0,0.9,1,100,99
0_0.1_0_0_0.9_2,2.68052527862715,-3.05760767727207,7.989113041328,4.25523541967877,-0.301332685950242,-0.0397614035347571,0.372570665252386,358.677267623502,14.5401170857145,NbW,0,0.1,0,0,0.9,2,100,99
0_0.1_0_0_0.9_3,2.66707821828637,-3.08347118786201,7.82048652374397,4.17935195680384,-0.280202525494565,-0.0344854019087927,0.355309008957878,358.838011874028,14.2993969684366,NbW,0,0.1,0,0,0.9,3,100,99
0_0.25_0.25_0.25_0.25_1,2.16671973868442,-2.66499071164176,4.84538687072778,2.61755435203937,-0.266094287108164,-0.0761314895436813,0.335531131529453,153.468914182333,8.57376325087656,Nb_Ta_V_W,0,0.25,0.25,0.25,0.25,1,0,93
0_0.2_0.8_0_0_1,2.56931539222281,-2.34549259400533,7.05186748206648,3.85239350686123,-0.25264803243232,-0.0575963008315352,0.672972274618646,157.131515160041,12.9900841955914,NbTa,0,0.2,0.8,0,0,1,0,94
0_0.2_0.8_0_0_2,2.57327120986813,-2.33924907736564,7.08479676800086,3.86951214154039,-0.256763112799559,-0.0580445762040009,0.680367798516248,157.14045175803,13.0424028802857,NbTa,0,0.2,0.8,0,0,2,0,94
0_0.2_0.8_0_0_3,2.57363086269803,-2.33924907736564,7.08651169911326,3.87014303231055,-0.256754520074951,-0.0579534206487328,0.680532465323582,157.178240655588,13.0454601890063,NbTa,0,0.2,0.8,0,0,3,0,94
0_0.2_0_0.8_0_1,1.95917380280415,-2.75829141753896,3.93850302489286,2.05771808443279,-0.196088570995394,0.00448751224362618,0.248299146305024,141.591165094701,7.06132148041678,NbV,0,0.2,0,0.8,0,1,0,95
0_0.2_0_0.8_0_2,1.97885072752935,-2.72113544065088,4.06474081953091,2.10866224779718,-0.21113848864581,0.00435397905990106,0.266020893815396,141.724775208397,7.24241494934949,NbV,0,0.2,0,0.8,0,2,0,95
0_0.2_0_0.8_0_3,1.94196117230769,-2.7838519145185,3.86561890429708,2.02323733191159,-0.188080887362245,0.00564264225666515,0.237515325211888,141.959674583479,6.94921899171121,NbV,0,0.2,0,0.8,0,3,0,95
0_0.2_0_0_0.8_1,2.57917791654985,-3.05336138639063,7.31430357571844,3.86740043409564,-0.301514308417696,-0.0448115183696794,0.342587904318013,328.247325020834,13.1863367728288,NbW,0,0.2,0,0,0.8,1,0,96
0_0.2_0_0_0.8_2,2.57399862949616,-3.06615473785055,7.23742940889235,3.83520360837259,-0.290250287758788,-0.0427097501787597,0.334637615612946,328.219612794164,13.0835573626596,NbW,0,0.2,0,0,0.8,2,0,96
0_0.2_0_0_0.8_3,2.57607725300867,-3.06615473785053,7.24011790277035,3.83734303444857,-0.2901417855578,-0.0429065596523553,0.334761702963479,328.339725275446,13.0896618627351,NbW,0,0.2,0,0,0.8,3,0,96
0_0.333333333333333_0.333333333333333_0.333333333333333_0_1,2.01425909566713,-2.51577831345509,4.02023691779437,2.19703440828714,-0.138346296796897,-0.0282865471830921,0.323349875281897,106.389919288955,7.42937492725857,Nb_Ta_V,0,0.333333333333333,0.333333333333333,0.333333333333333,0,1,0,87
0_0.333333333333333_0.333333333333333_0_0.333333333333333_1,2.30680632803194,-2.71507481603917,5.94606497225251,3.02066622215261,-0.444754853697981,-0.087760495079972,0.39164398447801,205.867087809086,9.94603200289238,Nb_Ta_W,0,0.333333333333333,0.333333333333333,0,0.333333333333333,1,0,88
0_0.333333333333333_0_0.333333333333333_0.333333333333333_1,2.22188375543813,-2.78062089393705,5.20640364049772,2.6881121870118,-0.266856632895095,-0.0375112877105591,0.320959533937399,183.093439265161,9.15167985723797,Nb_V_W,0,0.333333333333333,0,0.333333333333333,0.333333333333333,1,0,89
0_0.3_0.7_0_0_1,2.54297447386282,-2.36021420583069,6.88581878751829,3.73232664427139,-0.269086287487653,-0.0447864395975598,0.647502869279566,159.17250142816,12.6134459517757,NbTa,0,0.3,0.7,0,0,1,100,90
0_0.3_0.7_0_0_2,2.54709158106785,-2.35177533718481,6.932873060054,3.75257750112355,-0.276553362842976,-0.046539983543251,0.657478903346571,159.108182624102,12.6745595368476,NbTa,0,0.3,0.7,0,0,2,100,90
0_0.3_0.7_0_0_3,2.53858310333164,-2.36233509739981,6.8707685379358,3.72654359610088,-0.267985198854449,-0.0456347142231795,0.644712971798095,159.020129769564,12.5886294076169,NbTa,0,0.3,0.7,0,0,3,100,90
0_0.3_0_0.7_0_1,1.88646510295507,-2.74887219562246,3.6593013352108,1.89644685101962,-0.170358990082749,0.00320776803910883,0.232883586850249,127.742976533433,6.55787108754011,NbV,0,0.3,0,0.7,0,1,100,91
0_0.3_0_0.7_0_2,1.84901703107298,-2.81341071676003,3.47698533267956,1.81702962367797,-0.151121943099246,0.00287885425411136,0.207363149080635,127.899678604221,6.27932321845201,NbV,0,0.3,0,0.7,0,2,100,91
0_0.3_0_0.7_0_3,1.88560492913805,-2.75514180863607,3.64218893257638,1.88990495829217,-0.168980396459472,0.00224012740999595,0.230337113716088,127.751668574401,6.52997297373911,NbV,0,0.3,0,0.7,0,3,100,91
0_0.3_0_0_0.7_1,2.49242476757718,-3.03655426807424,6.75936202994533,3.5429930421986,-0.307428220549514,-0.0471170335851583,0.322028812318482,300.353035715611,12.0560593411116,NbW,0,0.3,0,0,0.7,1,100,92
0_0.3_0_0_0.7_2,2.49785367887943,-3.02413174807569,6.82283521853938,3.56497588042436,-0.319565338122129,-0.0492163008975362,0.329154961881182,300.137403460908,12.1258853667318,NbW,0,0.3,0,0,0.7,2,100,92
0_0.3_0_0_0.7_3,2.49446049334966,-3.03655426807423,6.75549215070148,3.54087656798151,-0.308171631532055,-0.0473915661358352,0.321845144819765,300.289657103764,12.046242832085,NbW,0,0.3,0,0,0.7,3,100,92
0_0.4_0.6_0_0_1,2.5176153702864,-2.36659042296996,6.78510932832473,3.63299310289988,-0.294965273905743,-0.0339216940116187,0.633986644608297,161.348973704064,12.3121974029943,NbTa,0,0.4,0.6,0,0,1,0,84
0_0.4_0.6_0_0_2,2.51711973451039,-2.36659042296996,6.78445364420087,3.63248099287723,-0.29511947584322,-0.0338030991133145,0.633925498740411,161.368439779398,12.3106238835996,NbTa,0,0.4,0.6,0,0,2,0,84
0_0.4_0.6_0_0_3,2.51555909795292,-2.36872489549859,6.77567092437405,3.62711047459656,-0.293708681124315,-0.0340415669233178,0.631749229806758,161.304176153874,12.2950438159813,NbTa,0,0.4,0.6,0,0,3,0,84
0_0.4_0_0.6_0_1,1.86228849430516,-2.71205822249975,3.57687358766401,1.86893886198051,-0.160355083264562,0.000678375544439709,0.236215574615657,120.261098278865,6.44409619876879,NbV,0,0.4,0,0.6,0,1,0,85
0_0.4_0_0.6_0_2,1.8384345974897,-2.75514180863606,3.45643521361579,1.81701737611638,-0.148016759006454,0.00153986805554447,0.218577642517062,120.632110880135,6.26297935060949,NbV,0,0.4,0,0.6,0,2,0,85
0_0.4_0_0.6_0_3,1.83905261489808,-2.75514180863606,3.4612377412061,1.81573257423328,-0.146966434687074,0.00132530385174908,0.218880233134002,120.374094848922,6.26732852514346,NbV,0,0.4,0,0.6,0,3,0,85
0_0.4_0_0_0.6_1,2.41676043740332,-2.99573227355399,6.36414814645889,3.29794116677184,-0.325736030515166,-0.0479917769045384,0.315959793093837,274.834976393971,11.1987548688002,NbW,0,0.4,0,0,0.6,1,0,86
0_0.4_0_0_0.6_2,2.42114499185523,-2.98380370268871,6.42245979390338,3.31617791459898,-0.340763187982665,-0.0520455719507517,0.322719201242194,274.901733746513,11.2456395349818,NbW,0,0.4,0,0,0.6,2,0,86
0_0.4_0_0_0.6_3,2.41918535293185,-2.98776410390483,6.39879078889117,3.30881649289316,-0.337557474730607,-0.0525175031053446,0.320248154226656,274.846399029499,11.2150461886193,NbW,0,0.4,0,0,0.6,3,0,86
0_0.5_0.5_0_0_1,2.48633667555727,-2.38162830033451,6.64629209697054,3.5163498696105,-0.315036157654053,-0.0228260220833252,0.611733087075515,163.612467286055,11.9562776457977,NbTa,0,0.5,0.5,0,0,1,100,81
0_0.5_0.5_0_0_2,2.47763090192524,-2.39689577246528,6.56426028350315,3.48207433778054,-0.304440086831193,-0.0229384879591233,0.594986885235056,163.483065576514,11.8379902266945,NbTa,0,0.5,0.5,0,0,2,100,81
0_0.5_0.5_0_0_3,2.48905716329405,-2.3816283003345,6.64541985269804,3.5173410176693,-0.314164616403313,-0.0223127566308896,0.611651868881643,163.641726504134,11.9603611507949,NbTa,0,0.5,0.5,0,0,3,100,81
0_0.5_0_0.5_0_1,1.86252737844569,-2.71205822249975,3.5375077653616,1.87442110359784,-0.148419323612495,-0.00416675957638089,0.233606387499423,118.026888118179,6.42801781749788,NbV,0,0.5,0,0.5,0,1,100,82
0_0.5_0_0.5_0_2,1.8856891582679,-2.67946274425029,3.63636790604958,1.91694583520724,-0.159666257001955,-0.00491293306502944,0.248141370416344,118.064765190059,6.57391100710373,NbV,0,0.5,0,0.5,0,2,100,82
0_0.5_0_0.5_0_3,1.88488317997284,-2.6794627442503,3.63459840727652,1.91572755044179,-0.160419644447717,-0.00558176155395349,0.248021395709516,117.990810096901,6.56668034278842,NbV,0,0.5,0,0.5,0,3,100,82
0_0.5_0_0_0.5_1,2.29895859844831,-2.94503915923847,5.51758588243608,2.97408460294763,-0.298705475333889,-0.0619725776433279,0.288272539576272,234.475751026815,9.82037884673817,NbW,0,0.5,0,0,0.5,1,100,83
0_0.5_0_0_0.5_2,2.30220447956874,-2.94503915923847,5.52078420889672,2.97281681987855,-0.300708506897016,-0.0622366331101536,0.288441426761061,234.672216189269,9.81635383350273,NbW,0,0.5,0,0,0.5,2,100,83
0_0.5_0_0_0.5_3,2.30061604427675,-2.92620621090538,5.59718083968101,3.00077359627133,-0.319064757669513,-0.0679398942271561,0.298042957486577,234.292619578204,9.88657024127986,NbW,0,0.5,0,0,0.5,3,100,83
0_0.6_0.4_0_0_1,2.4343770088778,-2.43725999632065,6.3235975702843,3.31755237367171,-0.309223989847034,-0.013953493042909,0.550423122347942,165.595962514327,11.3255850196256,NbTa,0,0.6,0.4,0,0,1,0,78
0_0.6_0.4_0_0_2,2.45696599012185,-2.39909599337489,6.51747823878896,3.3979437443613,-0.333945054981049,-0.0124854637152946,0.589471752206034,165.882643589955,11.6079204374775,NbTa,0,0.6,0.4,0,0,2,0,78
0_0.6_0.4_0_0_3,2.45289682691479,-2.40572585191356,6.484303701349,3.38417247298079,-0.329297441096911,-0.0123437671075314,0.582578121163862,165.884240822923,11.5615171737111,NbTa,0,0.6,0.4,0,0,3,0,78
0_0.6_0_0.4_0_1,1.92792679281282,-2.67075441635852,3.80578692868502,1.99593939722308,-0.167654478723429,-0.0111471970131189,0.261986582292701,121.072418544008,6.84599042735781,NbV,0,0.6,0,0.4,0,1,0,79
0_0.6_0_0.4_0_2,1.91756392114767,-2.68824757380602,3.76000283932642,1.9725368128615,-0.161043763407967,-0.0100746340272905,0.254318754813032,121.161138884099,6.77694974189598,NbV,0,0.6,0,0.4,0,2,0,79
0_0.6_0_0.4_0_3,1.92835688603241,-2.66499071164176,3.82187680066723,2.00262678844972,-0.170395914707763,-0.011242351082142,0.264624752294557,121.107986390591,6.86740075135191,NbV,0,0.6,0,0.4,0,3,0,79
0_0.6_0_0_0.4_1,2.28739583547567,-2.88598140959486,5.79290397891423,2.91962154169008,-0.380366978775143,-0.0588830625827392,0.321271743202582,231.063951306701,9.83213612881484,NbW,0,0.6,0,0,0.4,1,0,80
0_0.6_0_0_0.4_2,2.28705858034242,-2.88598140959487,5.79323356620711,2.91772322637926,-0.381178726441257,-0.0590543870868558,0.321290944480473,231.045533979307,9.82699111900183,NbW,0,0.6,0,0,0.4,2,0,80
0_0.6_0_0_0.4_3,2.29351156274556,-2.86470401114759,5.8757000214272,2.93914552532456,-0.407478103848638,-0.0639661481256854,0.332933699979368,231.021070335154,9.87651582978906,NbW,0,0.6,0,0,0.4,3,0,80
0_0.7_0.3_0_0_1,2.41163526391243,-2.44184716032755,6.27212973428822,3.2366322934366,-0.336757682147615,-0.00575864838259727,0.543461627544558,167.834801227873,11.0948979260216,NbTa,0,0.7,0.3,0,0,1,100,75
0_0.7_0.3_0_0_2,2.42950495977828,-2.41687423939617,6.39466298347637,3.28583904265951,-0.352807087918704,-0.00404365978208676,0.568155266068288,168.050392867689,11.2716582031829,NbTa,0,0.7,0.3,0,0,2,100,75
0_0.7_0.3_0_0_3,2.42823952021415,-2.41687423939617,6.39547821643088,3.28573154517361,-0.352622617944327,-0.00390014613343441,0.568227598851739,168.050351914066,11.2730645730768,NbTa,0,0.7,0.3,0,0,3,100,75
0_0.7_0_0.3_0_1,1.96822164990684,-2.6911930840358,3.96975369999876,2.09524355898308,-0.177696289583137,-0.0149158658008081,0.267719683355756,129.248959928036,7.14900541271252,NbV,0,0.7,0,0.3,0,1,100,76
0_0.7_0_0.3_0_2,1.98064305554858,-2.67655153404285,4.01836384358835,2.1112677115217,-0.184403640328854,-0.0151366161897668,0.275020978020467,129.162713098094,7.21009732687794,NbV,0,0.7,0,0.3,0,2,100,76
0_0.7_0_0.3_0_3,1.98590307753574,-2.65926003693279,4.07641774704345,2.13604902430552,-0.192852870917451,-0.0163965639817973,0.28389103309064,129.225228086795,7.28925660436946,NbV,0,0.7,0,0.3,0,3,100,76
0_0.7_0_0_0.3_1,2.26645810513119,-2.77740027923701,5.78807333083233,2.85124092008093,-0.436675540053127,-0.0566927042079029,0.358095916190954,213.281550980237,9.59289625739909,NbW,0,0.7,0,0,0.3,1,100,77
0_0.7_0_0_0.3_2,2.25320448089043,-2.81674961802555,5.63907987380759,2.80923255038399,-0.393658818709084,-0.0504171499096185,0.335316467145752,213.384802749857,9.48154114326832,NbW,0,0.7,0,0,0.3,2,100,77
0_0.7_0_0_0.3_3,2.26040485065028,-2.80676617404136,5.67491882006877,2.81976908439312,-0.403936363175559,-0.0525171351316869,0.340859386392047,213.198643804142,9.50774244414066,NbW,0,0.7,0,0,0.3,3,100,77
0_0.8_0.2_0_0_1,2.41074084518165,-2.42362342137111,6.33413419461721,3.19953438633738,-0.377070037079593,-0.000157166609196577,0.559003842378971,169.277384128821,11.0187061568597,NbTa,0,0.8,0.2,0,0,1,0,72
0_0.8_0.2_0_0_2,2.38931274967861,-2.46040917818761,6.16068111008362,3.13230342849117,-0.351911971381567,-0.0018784736850221,0.523969053872464,169.057233883713,10.779879536834,NbTa,0,0.8,0.2,0,0,2,0,72
0_0.8_0.2_0_0_3,2.37381656009662,-2.47693848013883,6.08375119214603,3.10289826607656,-0.341372292840018,-0.00410597762351343,0.508903699878014,168.765085032425,10.6695286304225,NbTa,0,0.8,0.2,0,0,3,0,72
0_0.8_0_0.2_0_1,2.06794729606721,-2.65640696795037,4.373982702339,2.31360169746424,-0.221962354460729,-0.0212406711432294,0.305496143734215,140.763434857919,7.81627207039343,NbV,0,0.8,0,0.2,0,1,0,73
0_0.8_0_0.2_0_2,2.05357573608304,-2.67364877438489,4.31236862712245,2.28888961212598,-0.212829247421407,-0.0205882723352397,0.296012503728378,140.696348225505,7.73362066166885,NbV,0,0.8,0,0.2,0,2,0,73
0_0.8_0_0.2_0_3,2.06183799330078,-2.66499071164176,4.34577566106591,2.30018111485202,-0.2177913747979,-0.0213814675408981,0.300916585039682,140.648637751364,7.77365219142921,NbV,0,0.8,0,0.2,0,3,0,73
0_0.8_0_0_0.2_1,2.23739013841942,-2.78062089393705,5.42220003557335,2.72350047135661,-0.346714290462347,-0.0321857979978317,0.334319837179899,197.659538974102,9.26680184451565,NbW,0,0.8,0,0,0.2,1,0,74
0_0.8_0_0_0.2_2,2.24218947351434,-2.76145097782933,5.49522704466281,2.74688748995122,-0.364185859710449,-0.0348230317625936,0.345428130234485,197.563398716724,9.33527039212384,NbW,0,0.8,0,0,0.2,2,0,74
0_0.8_0_0_0.2_3,2.23635051548262,-2.78062089393704,5.41894202847708,2.72396546096311,-0.345223574982302,-0.0306043421958872,0.33411734435457,197.729089565346,9.27163653546521,NbW,0,0.8,0,0,0.2,3,0,74
0_0.9_0.1_0_0_1,2.38923327042832,-2.43269377834106,6.29492192095581,3.11287343658666,-0.401281380318647,0.0106650608846255,0.550533769275884,172.077898135354,10.8044069947961,NbTa,0,0.9,0.1,0,0,1,100,69
0_0.9_0.1_0_0_2,2.39102391778804,-2.42588330933854,6.32534978666901,3.12368325371331,-0.406393621047373,0.0109058594785921,0.556992894176425,172.082597437802,10.8429057301747,NbTa,0,0.9,0.1,0,0,2,100,69
0_0.9_0.1_0_0_3,2.38964136368185,-2.43269377834107,6.2940934370302,3.11265043672066,-0.40223403644558,0.00934024482957643,0.55046229155363,171.944188072511,10.7976830013647,NbTa,0,0.9,0.1,0,0,3,100,69
0_0.9_0_0.1_0_1,2.16859923740765,-2.63108915996608,4.97207745407294,2.52516431812346,-0.277865488824392,-0.0139802152875247,0.356251608374166,156.408327672824,8.67472871414218,NbV,0,0.9,0,0.1,0,1,100,70
0_0.9_0_0.1_0_2,2.16731735833246,-2.63108915996608,4.97521260743574,2.52408063472106,-0.277771890190861,-0.0134432973354013,0.356476385850444,156.438774046822,8.67757664280828,NbV,0,0.9,0,0.1,0,2,100,70
0_0.9_0_0.1_0_3,2.17627222839145,-2.62279035715138,5.00354879052939,2.53681954157435,-0.282902465827103,-0.0134763137490994,0.361511442331472,156.528232852274,8.71659397814192,NbV,0,0.9,0,0.1,0,3,100,70
0_0.9_0_0_0.1_1,2.23426909933048,-2.71205822249975,5.38773981265958,2.71879809251811,-0.321525821093733,-0.0181983416422593,0.355880128458259,184.101868624906,9.31604753729347,NbW,0,0.9,0,0,0.1,1,100,71
0_0.9_0_0_0.1_2,2.22569443755983,-2.73029581004952,5.31585716277915,2.69225662375836,-0.307784091375897,-0.0167101085852701,0.344744720569168,184.092691967258,9.23218016988626,NbW,0,0.9,0,0,0.1,2,100,71
0_0.9_0_0_0.1_3,2.23244850022992,-2.71205822249975,5.38765317480519,2.71855185951893,-0.320912982924646,-0.0177851487643861,0.355873930879301,184.073698087473,9.31793662674364,NbW,0,0.9,0,0,0.1,3,100,71
0_0_0.1_0.9_0_1,2.09160638401513,-2.68824757380604,4.5759013888466,2.30852334959726,-0.24364936325094,0.0119867751403052,0.309550133674625,153.622254735735,8.04623316635045,TaV,0,0,0.1,0.9,0,1,100,118
0_0_0.1_0.9_0_2,2.05778545612067,-2.73954086819358,4.4009120151409,2.23505035585268,-0.223799077425375,0.00979379599334551,0.282740314273916,153.606273309828,7.78195627496463,TaV,0,0,0.1,0.9,0,2,100,118
0_0_0.1_0.9_0_3,2.05818176929554,-2.73954086819358,4.39975210858978,2.23435030439816,-0.223624114303167,0.00967320802722723,0.282665767110691,153.523150522737,7.77966805190518,TaV,0,0,0.1,0.9,0,3,100,118
0_0_0.1_0_0.9_1,2.67940424232854,-3.04913305028112,7.95211696431384,4.23840553186524,-0.291207017828177,-0.0369166920075045,0.374019225151158,353.251839110812,14.5037780092886,TaW,0,0,0.1,0,0.9,1,100,119
0_0_0.1_0_0.9_2,2.67209725667821,-3.06187207605853,7.87197622290171,4.20363615770775,-0.278783040242884,-0.0344082276130626,0.365518556884714,353.182957577357,14.3967786673615,TaW,0,0,0.1,0,0.9,2,100,119
0_0_0.1_0_0.9_3,2.67159209537625,-3.06187207605855,7.86735749150173,4.1999609687859,-0.2818712029425,-0.0353043584848437,0.365306690130293,353.320656841296,14.3768690425404,TaW,0,0,0.1,0,0.9,3,100,119
0_0_0.2_0.8_0_1,1.9469012662907,-2.65640696795037,3.90048673737581,2.02119406503343,-0.191159475935862,0.0109785870808743,0.272420392084461,127.796100175404,6.9892508965632,TaV,0,0,0.2,0.8,0,1,0,116
0_0_0.2_0.8_0_2,1.9092209451997,-2.71205822249974,3.72631338977365,1.94622727600997,-0.174157800018082,0.00955156914143885,0.246087705201577,127.771224213759,6.71892341780954,TaV,0,0,0.2,0.8,0,2,0,116
0_0_0.2_0.8_0_3,1.94094888640566,-2.66499071164175,3.87007426340391,2.00896438569465,-0.188630624866588,0.0107785100856607,0.26797299903166,127.794130277718,6.94270619978003,TaV,0,0,0.2,0.8,0,3,0,116
0_0_0.2_0_0.8_1,2.59817967259932,-2.99573227355401,7.4397773005709,3.94274836657416,-0.31346738439206,-0.0513404934755735,0.369300472990941,317.107985192091,13.4006270602719,TaW,0,0,0.2,0,0.8,1,0,117
0_0_0.2_0_0.8_2,2.59446636490154,-3.00780485478825,7.37222676054248,3.91573874052412,-0.299623275271776,-0.0466026627360346,0.361514166756642,317.240660563248,13.3284297196583,TaW,0,0,0.2,0,0.8,2,0,117
0_0_0.2_0_0.8_3,2.5966318228068,-2.995732273554,7.44109329162443,3.9427017019368,-0.311941102041736,-0.0493272961717439,0.369364365461178,317.114727673403,13.4102674633625,TaW,0,0,0.2,0,0.8,3,0,117
0_0_0.333333333333333_0.333333333333333_0.333333333333333_1,2.20138115323766,-2.64226246056421,5.19658596084071,2.71944115324242,-0.31222757823131,-0.0692724550554561,0.368195167122296,162.372309456206,9.01676289376137,Ta_V_W,0,0,0.333333333333333,0.333333333333333,0.333333333333333,1,0,113
0_0_0.3_0.7_0_1,1.88935894351246,-2.58760404802635,3.61631048082567,1.86338298972457,-0.147387847890222,0.00853886847521789,0.270636607766181,106.665900554857,6.52416842340281,TaV,0,0,0.3,0.7,0,1,100,114
0_0_0.3_0.7_0_2,1.86345301662937,-2.60369018577796,3.56652722828172,1.84238309561335,-0.142903861714176,0.00828844634700652,0.262628722578144,106.630514198317,6.44722693046679,TaV,0,0,0.3,0.7,0,2,100,114
0_0_0.3_0.7_0_3,1.90148596323978,-2.57177258280967,3.66157712956025,1.88167343059546,-0.152545727128159,0.00783646761522355,0.2784214197315,106.498017421384,6.58799476340002,TaV,0,0,0.3,0.7,0,3,100,114
0_0_0.3_0_0.7_1,2.52242077010884,-2.96423360649462,6.80562062992863,3.63085623106991,-0.295031048685464,-0.0539939231791064,0.348713831240056,283.460993727019,12.264996316451,TaW,0,0,0.3,0,0.7,1,100,115
0_0_0.3_0_0.7_2,2.51999067339047,-2.96423360649463,6.80194587412578,3.62792975649083,-0.29537163738567,-0.0537355779669082,0.348525980134256,283.35354371863,12.256200146999,TaW,0,0,0.3,0,0.7,2,100,115
0_0_0.3_0_0.7_3,2.52041054234325,-2.96423360649461,6.80347978155795,3.62833785896923,-0.297524409545158,-0.0557413272860999,0.348606534916126,283.453673838154,12.2486709224166,TaW,0,0,0.3,0,0.7,3,100,115
0_0_0.4_0.6_0_1,1.88483267010363,-2.48891467118554,3.53007774696696,1.88647668257316,-0.114665391535089,-0.000874814744130652,0.291688908327829,92.6456307001554,6.52685476985354,TaV,0,0,0.4,0.6,0,1,0,111
0_0_0.4_0.6_0_2,1.87752955175633,-2.49616984206671,3.5044730323282,1.8751367036256,-0.111308298892822,0.000207601783286055,0.28746816150067,92.5926371925595,6.49179519457706,TaV,0,0,0.4,0.6,0,2,0,111
0_0_0.4_0.6_0_3,1.89274428621008,-2.48171175889149,3.55147771074698,1.89664513866457,-0.116100857213385,-0.000630916748571633,0.295588705557643,92.6519006025837,6.56333185420369,TaV,0,0,0.4,0.6,0,3,0,111
0_0_0.4_0_0.6_1,2.45870199737707,-2.87528612047814,6.50647075761705,3.46794824054902,-0.334697014323268,-0.0698890916302578,0.364656718412697,253.737367080688,11.5608843667218,TaW,0,0,0.4,0,0.6,1,0,112
0_0_0.4_0_0.6_2,2.45900666093292,-2.87528612047811,6.51100959662741,3.46936673720403,-0.334808336841993,-0.0708464758762881,0.364911419922639,253.69570226371,11.5651928752325,TaW,0,0,0.4,0,0.6,2,0,112
0_0_0.4_0_0.6_3,2.44457859229801,-2.90042209374966,6.37876012422407,3.42179989551898,-0.305520354561241,-0.062441279711254,0.3485485893922,253.70843801923,11.4360142479463,TaW,0,0,0.4,0,0.6,3,0,112
0_0_0.5_0.5_0_1,1.93616957694868,-2.41687423939617,3.72995045602396,2.00103970147592,-0.0936564065049803,-0.0185118719853454,0.331314777867565,85.3293568230326,6.92603225611197,TaV,0,0,0.5,0.5,0,1,100,109
0_0_0.5_0.5_0_2,1.92973852116542,-2.43041846450393,3.69062557859719,1.9816100274381,-0.0879906455210066,-0.0161033423505337,0.323389012234263,85.4878272540432,6.87174746311692,TaV,0,0,0.5,0.5,0,2,100,109
0_0_0.5_0.5_0_3,1.90294773757402,-2.46982101236996,3.56629417732812,1.92063813721799,-0.0757344873208007,-0.0111003943898974,0.300360846337378,85.8203402933595,6.68171651770954,TaV,0,0,0.5,0.5,0,3,100,109
0_0_0.5_0_0.5_1,2.38629241362654,-2.79034544382904,6.25537524886544,3.31042505951524,-0.377135810784653,-0.095420848742492,0.381908846078371,226.628278341622,10.8823003216663,TaW,0,0,0.5,0,0.5,1,100,110
0_0_0.5_0_0.5_2,2.38612815855835,-2.79034544382903,6.25677826278647,3.30664703399849,-0.378350412656943,-0.0947607485386388,0.381995860183783,226.702727366327,10.876217958582,TaW,0,0,0.5,0,0.5,2,100,110
0_0_0.5_0_0.5_3,2.38833737289837,-2.79034544382904,6.25831081849072,3.3088443559058,-0.377197343119278,-0.0948433384222585,0.38208837543327,226.643218189894,10.8838496679727,TaW,0,0,0.5,0,0.5,3,100,110
0_0_0.6_0.4_0_1,2.00121665410898,-2.41911890925001,3.91870522981461,2.14756707428991,-0.0692828580102948,-0.0335615162826442,0.347273695880081,85.6836085746971,7.38243135993653,TaV,0,0,0.6,0.4,0,1,0,107
0_0_0.6_0.4_0_2,2.02665145611029,-2.3730075572906,4.07509803750423,2.22035309052208,-0.0908557605277752,-0.0430336939493696,0.378265375500134,85.160463208253,7.59286726108697,TaV,0,0,0.6,0.4,0,2,0,107
0_0_0.6_0.4_0_3,2.00795227715839,-2.41017030367398,3.94884789771475,2.16095442190251,-0.0735424790977067,-0.0343653075229752,0.353107157611274,85.7624196502032,7.42429970587281,TaV,0,0,0.6,0.4,0,3,0,107
0_0_0.6_0_0.4_1,2.35000028551724,-2.68238245435363,6.19920689705891,3.19709406808995,-0.455860945562408,-0.122321079183463,0.421950132562885,203.844551994181,10.3904892608846,TaW,0,0,0.6,0,0.4,1,0,108
0_0_0.6_0_0.4_2,2.35146207860938,-2.66212126921382,6.28365062100385,3.21319258523945,-0.492354316633379,-0.132928600528842,0.436522098304768,203.62990966246,10.3954155143111,TaW,0,0,0.6,0,0.4,2,0,108
0_0_0.6_0_0.4_3,2.34909989328772,-2.68238245435363,6.19748138833719,3.19567517044825,-0.457201907965453,-0.122966456426241,0.421833927091556,203.846206430816,10.3817264571259,TaW,0,0,0.6,0,0.4,3,0,108
0_0_0.7_0.3_0_1,2.13532781866386,-2.3816283003345,4.47181078714634,2.47765238630717,-0.09145836052295,-0.0595248475587723,0.411502829800485,92.7098620974769,8.38937665439693,TaV,0,0,0.7,0.3,0,1,100,105
0_0_0.7_0.3_0_2,2.13395885158067,-2.3816283003345,4.47936086356046,2.4759078391554,-0.0925936479638387,-0.0605189273715317,0.412199506094189,92.5968772835951,8.38885034141126,TaV,0,0,0.7,0.3,0,2,100,105
0_0_0.7_0.3_0_3,2.14095321820729,-2.3730075572906,4.51253141230672,2.49233534875242,-0.0970561328374732,-0.0620560482135079,0.41886506900153,92.5939661427418,8.43664021728467,TaV,0,0,0.7,0.3,0,3,100,105
0_0_0.7_0_0.3_1,2.35523511439077,-2.57965698633382,6.24785121276434,3.16596800075425,-0.486650939379263,-0.125879853517451,0.471523718631029,185.560400195547,10.308957304216,TaW,0,0,0.7,0,0.3,1,100,106
0_0_0.7_0_0.3_2,2.35840490240516,-2.55876849838645,6.33051616511812,3.18025475521448,-0.52062126981331,-0.131788249939944,0.4879154419672,185.610395753739,10.3263326479644,TaW,0,0,0.7,0,0.3,2,100,106
0_0_0.7_0_0.3_3,2.35473402815072,-2.57965698633381,6.24733615949789,3.16601103334602,-0.48552819497227,-0.124708762391818,0.471483776728331,185.62572494885,10.3139882443436,TaW,0,0,0.7,0,0.3,3,100,106
0_0_0.8_0.2_0_1,2.25959090189816,-2.3859667019331,5.01994845436532,2.84985360027833,-0.103879816907472,-0.0722357753884776,0.45992570758494,106.308773729224,9.51915999896279,TaV,0,0,0.8,0.2,0,1,0,103
0_0_0.8_0.2_0_2,2.25818645328438,-2.3859667019331,5.01606702991098,2.84893094162048,-0.103655667685543,-0.072194195700116,0.459569779867677,106.255849278158,9.51428927588533,TaV,0,0,0.8,0.2,0,2,0,103
0_0_0.8_0.2_0_3,2.24914723053651,-2.39470038190186,4.97733406567407,2.83088659944584,-0.0987430556897348,-0.0707256289079271,0.452035567813006,106.264589352767,9.45894559866851,TaV,0,0,0.8,0.2,0,3,0,103
0_0_0.8_0_0.2_1,2.40159313974225,-2.48171175889148,6.43617359237998,3.28466246516499,-0.4585836545382,-0.110840645887568,0.53590121919852,172.163730424409,10.8025261735735,TaW,0,0,0.8,0,0.2,1,0,104
0_0_0.8_0_0.2_2,2.39884660292127,-2.49132721759092,6.39262185541551,3.27291241805999,-0.445358635140642,-0.108824149568338,0.527151954015774,172.087758258606,10.7730059004522,TaW,0,0,0.8,0,0.2,2,0,104
0_0_0.8_0_0.2_3,2.39026531719086,-2.52823177452637,6.22803829837646,3.22736609988159,-0.395841186087619,-0.103100946319433,0.494863080173358,171.431617019632,10.6535026440694,TaW,0,0,0.8,0,0.2,3,0,104
0_0_0.9_0.1_0_1,2.38731376391703,-2.42814831596939,5.68557093206801,3.21787614199769,-0.109495131580902,-0.070724240518432,0.499298073869074,126.599981809783,10.8102482650118,TaV,0,0,0.9,0.1,0,1,100,101
0_0_0.9_0.1_0_2,2.41940897215302,-2.38379514841959,5.92348020131811,3.325093143978,-0.140093991559692,-0.0795898296355745,0.543908353552924,126.73639874637,11.1434100159142,TaV,0,0,0.9,0.1,0,2,100,101
0_0_0.9_0.1_0_3,2.405860516599,-2.4013010659332,5.82568600078847,3.28227972615038,-0.128310262219347,-0.0769112588342146,0.525598828343075,126.584810799892,11.0044155062105,TaV,0,0,0.9,0.1,0,3,100,101
0_0_0.9_0_0.1_1,2.46860899089812,-2.44876760317212,6.52708204050898,3.48667430641311,-0.310547991386097,-0.0904878917254107,0.561610967746594,160.617882562121,11.6206394463198,TaW,0,0,0.9,0,0.1,1,100,102
0_0_0.9_0_0.1_2,2.46404797418906,-2.45806999583445,6.47897504644116,3.46643121967071,-0.303110548925833,-0.089842657894878,0.552284149240318,160.556299243111,11.5555816651307,TaW,0,0,0.9,0,0.1,2,100,102
0_0_0.9_0_0.1_3,2.47557528545602,-2.43041846450393,6.62200351353475,3.52008875597104,-0.331958137615497,-0.0939739066407325,0.580388308137493,160.845478763655,11.7171914269857,TaW,0,0,0.9,0,0.1,3,100,102
0_0_0_0.1_0.9_1,2.66347672683846,-3.0491330502811,7.84386802182487,4.13142544153781,-0.288073443915204,-0.0361840030491913,0.368936810460595,345.003089476529,14.2204694213977,VW,0,0,0,0.1,0.9,1,100,129
0_0_0_0.1_0.9_2,2.66610069064656,-3.04913305028112,7.84719766545954,4.13501990233532,-0.287624005831088,-0.0367782558302364,0.369092870587601,345.125486249971,14.2294584794283,VW,0,0,0,0.1,0.9,2,100,129
0_0_0_0.1_0.9_3,2.67319282176549,-3.03655426807424,7.92451384014848,4.1681321315973,-0.299875767160129,-0.0410295003450652,0.377492637570317,344.943317826159,14.3267372331441,VW,0,0,0,0.1,0.9,3,100,129
0_0_0_0.2_0.8_1,2.58100347713599,-2.97985892439769,7.30456008762795,3.84655805961558,-0.303442807933654,-0.0426128578835643,0.368417508668154,305.309281489543,13.1445112541205,VW,0,0,0,0.2,0.8,1,0,128
0_0_0_0.2_0.8_2,2.57318394080719,-2.99174025228444,7.23334303894445,3.81520255356891,-0.292019586501968,-0.0395881412326547,0.360478043940106,305.155111493143,13.0516018577082,VW,0,0,0,0.2,0.8,2,0,128
0_0_0_0.2_0.8_3,2.58072317296309,-2.97985892439771,7.3091229737339,3.84550791517234,-0.304926199256255,-0.0437638296476827,0.368648786692637,305.324481230559,13.1411279095933,VW,0,0,0,0.2,0.8,3,0,128
0_0_0_0.3_0.7_1,2.5272030805708,-2.88598140959488,7.00479911671862,3.67804648911678,-0.326980804438586,-0.0436750616626414,0.388362178661461,272.201318563391,12.5035836650416,VW,0,0,0,0.3,0.7,1,100,127
0_0_0_0.3_0.7_2,2.52769836180749,-2.88598140959488,7.00421842768741,3.67813995941427,-0.326354654825275,-0.0442231724116389,0.388329657151652,272.028029189605,12.5031454722205,VW,0,0,0,0.3,0.7,2,100,127
0_0_0_0.3_0.7_3,2.52948358827006,-2.87528612047812,7.06649519553354,3.70173272478304,-0.337714150448605,-0.0465061758910788,0.396029963160229,272.122610343146,12.5756161958003,VW,0,0,0,0.3,0.7,3,100,127
0_0_0_0.4_0.6_1,2.49342426682089,-2.81674961802555,6.78044706330825,3.4905134391467,-0.320553075282822,-0.0429261967962538,0.403041920414926,243.141915135193,11.9742588577037,VW,0,0,0,0.4,0.6,1,0,126
0_0_0_0.4_0.6_2,2.49497107005632,-2.80676617404137,6.82459978123775,3.50819619592344,-0.330051086103846,-0.0447567620977325,0.409767781981107,242.965858580642,12.023581429789,VW,0,0,0,0.4,0.6,2,0,126
0_0_0_0.4_0.6_3,2.49394024482353,-2.80676617404136,6.82578759550455,3.50681615774892,-0.33086685634083,-0.0449484843524924,0.409839772052027,242.976745682041,12.0201195203562,VW,0,0,0,0.4,0.6,3,0,126
0_0_0_0.5_0.5_1,2.44265961614499,-2.7520020886314,6.41339558254886,3.36439166155564,-0.298782915803057,-0.0330978699327426,0.406878731406798,220.222320969564,11.4642855456572,VW,0,0,0,0.5,0.5,1,100,125
0_0_0_0.5_0.5_2,2.447020161702,-2.73644967562392,6.48949745183251,3.3930388766776,-0.314396425765179,-0.0363181793265505,0.418206949259569,220.206084544174,11.5475452689609,VW,0,0,0,0.5,0.5,2,100,125
0_0_0_0.5_0.5_3,2.44765252481803,-2.73644967562392,6.49211016904521,3.39449330254024,-0.314632398290604,-0.036270393663491,0.418375363977972,220.325748728405,11.5522654484436,VW,0,0,0,0.5,0.5,3,100,125
0_0_0_0.6_0.4_1,2.42466580548211,-2.66786841146937,6.33814214662666,3.28470982100128,-0.303498987275938,-0.0288367239511442,0.437600534580859,200.662834515895,11.2540161461743,VW,0,0,0,0.6,0.4,1,0,124
0_0_0_0.6_0.4_2,2.40617812092663,-2.70008203145304,6.15437593167385,3.2212666218036,-0.277278519632661,-0.0241226968302497,0.411357740883454,200.757038981994,11.0300275857986,VW,0,0,0,0.6,0.4,2,0,124
0_0_0_0.6_0.4_3,2.41202427468374,-2.70008203145302,6.18053989106469,3.2211091974293,-0.278260006378516,-0.0239313977436702,0.413106362118067,200.919698815675,11.0542530919987,VW,0,0,0,0.6,0.4,3,0,124
0_0_0_0.7_0.3_1,2.37774084858632,-2.63666020501555,5.97895335147197,3.14293427404081,-0.272400555830412,-0.0129593452158902,0.425942731121385,186.549924260262,10.7601912292735,VW,0,0,0,0.7,0.3,1,100,123
0_0_0_0.7_0.3_2,2.37091343127059,-2.65072513448294,5.90684135110431,3.11264196960177,-0.263958771636449,-0.0124859463696591,0.414893802217014,186.476255209665,10.6554044426099,VW,0,0,0,0.7,0.3,2,100,123
0_0_0_0.7_0.3_3,2.36038664293306,-2.66786841146939,5.82983750734755,3.0813629585198,-0.251923091021646,-0.0113110336977365,0.402481729274214,186.48919152342,10.5536498708273,VW,0,0,0,0.7,0.3,3,100,123
0_0_0_0.8_0.2_1,2.3302518343024,-2.6394574096366,5.72369589448537,2.9432598098065,-0.263485848720065,0.00300452628066781,0.406615772483883,178.970962324424,10.2213978434281,VW,0,0,0,0.8,0.2,1,0,122
0_0_0_0.8_0.2_2,2.33276370571674,-2.6394574096366,5.72496707859959,2.94622192050268,-0.263384099910319,0.00331648683441107,0.406705936439174,179.156094401881,10.2287923359015,VW,0,0,0,0.8,0.2,2,0,122
0_0_0_0.8_0.2_3,2.33662057408094,-2.6394574096366,5.72889244052169,2.94427070847319,-0.262496729121162,0.00341768851036083,0.406983851209657,178.959294543407,10.231566816561,VW,0,0,0,0.8,0.2,3,0,122
0_0_0_0.9_0.1_1,2.28627772591803,-2.65926003693278,5.48609516618564,2.79361344225937,-0.26967826219141,0.0082500109986169,0.382077151859781,176.618511670332,9.72549942995141,VW,0,0,0,0.9,0.1,1,100,121
0_0_0_0.9_0.1_2,2.25740879538539,-2.70008203145304,5.31595377590695,2.71916217353111,-0.25205913922837,0.00564128673204227,0.355335446129104,176.493919950093,9.45845641681393,VW,0,0,0,0.9,0.1,2,100,121
0_0_0_0.9_0.1_3,2.28248020924633,-2.66499071164176,5.46346748069252,2.78341824864124,-0.266264338383338,0.00880966257425597,0.378313963707212,176.659015888893,9.69414309592305,VW,0,0,0,0.9,0.1,3,100,121
0_0_0_0_1_1,2.95724411445746,-2.74575206828622,11.1705397933109,5.64404512306562,-0.71424885423197,-0.0868678465752423,0.713323298557841,392.590575978149,19.0967492875864,W,0,0,0,0,1,1,0,130
0_0_0_1_0_1,2.43047912426409,-2.39470038190185,6.67483630652872,3.22675758526593,-0.47428986880096,0.0275577043723772,0.606495386240096,181.946117663519,11.2636138050691,V,0,0,0,1,0,1,0,120
0_0_1_0_0_1,2.72231252950788,-2.13031387205359,8.5968147587416,4.59495137417914,-0.458204972557957,-0.14006425252883,1.0182716667888,154.015520171396,15.1513411563143,Ta,0,0,1,0,0,1,0,100
0_1_0_0_0_1,2.3931322311399,-2.39250980052203,6.44121632439683,3.12293885928854,-0.459720399457358,0.0259955401510569,0.586556160598781,175.706661235474,10.8791152323678,Nb,0,1,0,0,0,1,0,68
1_0_0_0_0_1,2.8455550584662,-2.81341071676004,9.92517427101509,4.91670201431239,-0.542852818222129,-0.0710819052271633,0.5920659719123,353.296083036307,17.0141141786445,Mo,1,0,0,0,0,1,0,1
